person,pattern,scenario,strategy,path_sha256,essential_shortfall_days,essential_unmet_minor,shocks,fully_funded_shocks,shock_unmet_minor,shock_funding_rate,discretionary_unmet_minor,median_buffer_days,max_stage_days,wallet_minor,buffer_minor,total_liquid_minor,income_minor,spent_minor,deposited_minor,conservation_error_minor
0,regular,base,none,d3869180baa3800137d1a5868c619c1cfc6ca6c8b76ae123118903365d95747a,14,265500,3,2,140500,2/3,110300,0,0,0,0,0,5400000,5650000,0,0
0,regular,base,fixed_10pct,d3869180baa3800137d1a5868c619c1cfc6ca6c8b76ae123118903365d95747a,9,141800,3,2,117700,2/3,270200,37/45,0,0,13400,13400,5400000,5636600,540000,0
0,regular,base,ipon,d3869180baa3800137d1a5868c619c1cfc6ca6c8b76ae123118903365d95747a,12,177500,3,2,126900,2/3,223600,5/9,0,0,11700,11700,5400000,5638300,240500,0
1,variable_amount,base,none,674ebd3a611503b5495a9752f9e2a29c2839bcebe6726a6cf391278bafdba3e9,31,671600,5,0,456500,0,173200,0,0,56000,0,56000,4928200,5122200,0,0
1,variable_amount,base,fixed_10pct,674ebd3a611503b5495a9752f9e2a29c2839bcebe6726a6cf391278bafdba3e9,30,618470,5,0,440390,0,245740,3499/5400,0,22460,36840,59300,4928200,5118900,492820,0
1,variable_amount,base,ipon,674ebd3a611503b5495a9752f9e2a29c2839bcebe6726a6cf391278bafdba3e9,30,637900,5,0,439300,0,227400,53/54,0,25300,34000,59300,4928200,5118900,304500,0
2,variable_gap,base,none,d19520fbf75108916bf1923b9af7a84d0b7f00a995d56dc660e1b7887a79136d,20,553600,2,2,0,1,115800,188/135,0,0,0,0,5160000,5410000,0,0
2,variable_gap,base,fixed_10pct,d19520fbf75108916bf1923b9af7a84d0b7f00a995d56dc660e1b7887a79136d,20,445600,2,2,0,1,223800,661/270,7,0,0,0,5160000,5410000,516000,0
2,variable_gap,base,ipon,d19520fbf75108916bf1923b9af7a84d0b7f00a995d56dc660e1b7887a79136d,20,511800,2,2,0,1,157600,661/270,0,0,0,0,5160000,5410000,304000,0
3,regular,base,none,c9e59d97b18c658b8bf2e535d107aaffbd6a6fdd8f00d5fca56e98a6904f6930,13,229400,1,1,0,1,100100,0,0,65900,0,65900,5400000,5584100,0,0
3,regular,base,fixed_10pct,c9e59d97b18c658b8bf2e535d107aaffbd6a6fdd8f00d5fca56e98a6904f6930,8,114400,1,1,0,1,229400,241/270,0,49100,31100,80200,5400000,5569800,540000,0
3,regular,base,ipon,c9e59d97b18c658b8bf2e535d107aaffbd6a6fdd8f00d5fca56e98a6904f6930,10,148300,1,1,0,1,191400,307/540,0,56100,20000,76100,5400000,5573900,252500,0
4,variable_amount,base,none,9472531c04e16c1e0ec7fa006951eaee33d1a542d98216de8f78bfbd4b2d1e02,22,402200,3,0,488900,0,131500,0,0,0,0,0,5403200,5653200,0,0
4,variable_amount,base,fixed_10pct,9472531c04e16c1e0ec7fa006951eaee33d1a542d98216de8f78bfbd4b2d1e02,21,381690,3,0,452600,0,188310,3709/2700,0,0,0,0,5403200,5653200,540320,0
4,variable_amount,base,ipon,9472531c04e16c1e0ec7fa006951eaee33d1a542d98216de8f78bfbd4b2d1e02,21,382200,3,0,450500,0,189900,337/270,0,0,0,0,5403200,5653200,459000,0
5,variable_gap,base,none,07801651bd1fdac483e0dc184ad618ec7a262940977f046460e2fe42caea1c0e,21,580300,6,3,228300,1/2,129600,0,0,0,0,0,5640000,5890000,0,0
5,variable_gap,base,fixed_10pct,07801651bd1fdac483e0dc184ad618ec7a262940977f046460e2fe42caea1c0e,17,485400,6,3,228300,1/2,228100,16/9,0,0,3600,3600,5640000,5886400,564000,0
5,variable_gap,base,ipon,07801651bd1fdac483e0dc184ad618ec7a262940977f046460e2fe42caea1c0e,16,473800,6,3,227600,1/2,237500,607/270,0,0,700,700,5640000,5889300,652000,0
6,regular,base,none,4dae433a85f49784d940828b1b55991e3b1b9a5278df029a7b09051d31f0c76b,8,183200,2,0,161500,0,87900,17/270,0,54500,0,54500,5400000,5595500,0,0
6,regular,base,fixed_10pct,4dae433a85f49784d940828b1b55991e3b1b9a5278df029a7b09051d31f0c76b,5,100300,2,0,96800,0,255000,1597/540,0,42500,31500,74000,5400000,5576000,540000,0
6,regular,base,ipon,4dae433a85f49784d940828b1b55991e3b1b9a5278df029a7b09051d31f0c76b,6,117100,2,0,107800,0,218800,383/135,0,49500,16100,65600,5400000,5584400,255500,0
7,variable_amount,base,none,8e5b02d6dedef5e041103e47e5713b30a6716ba67a95044f2736b46675f4e0f6,34,658100,4,1,623800,1/4,205300,0,0,74100,0,74100,5028800,5204700,0,0
7,variable_amount,base,fixed_10pct,8e5b02d6dedef5e041103e47e5713b30a6716ba67a95044f2736b46675f4e0f6,31,587550,4,1,623800,1/4,281150,541/900,0,39190,40210,79400,5028800,5199400,502880,0
7,variable_amount,base,ipon,8e5b02d6dedef5e041103e47e5713b30a6716ba67a95044f2736b46675f4e0f6,31,600800,4,1,618300,1/4,273400,77/135,0,50300,29100,79400,5028800,5199400,328500,0
8,variable_gap,base,none,01f2158bbbddf76b7160469f2037691d0dd0865f7f58513989552984ad855004,32,771100,2,0,338400,0,209900,0,0,0,0,0,4800000,5050000,0,0
8,variable_gap,base,fixed_10pct,01f2158bbbddf76b7160469f2037691d0dd0865f7f58513989552984ad855004,31,708300,2,0,338400,0,286600,4/9,0,0,13900,13900,4800000,5036100,480000,0
8,variable_gap,base,ipon,01f2158bbbddf76b7160469f2037691d0dd0865f7f58513989552984ad855004,31,741700,2,0,338400,0,249700,0,0,0,10400,10400,4800000,5039600,198500,0
9,regular,base,none,ed1dca4713782b3ebda67d1c22abd3f8aab2bed3cff5dd3df26a5f526bd2b6b3,9,170900,3,0,518100,0,70100,3/10,0,61200,0,61200,5400000,5588800,0,0
9,regular,base,fixed_10pct,ed1dca4713782b3ebda67d1c22abd3f8aab2bed3cff5dd3df26a5f526bd2b6b3,6,95500,3,0,439500,0,224100,1523/540,0,49200,12000,61200,5400000,5588800,540000,0
9,regular,base,ipon,ed1dca4713782b3ebda67d1c22abd3f8aab2bed3cff5dd3df26a5f526bd2b6b3,6,111900,3,0,459200,0,188000,74/27,0,56200,5000,61200,5400000,5588800,251500,0
10,variable_amount,base,none,c4f68a85f24ef0a694df5b9488164ff21e2e555211d7328a0e2b5a40abfdb678,15,271100,6,1,889500,1/6,115900,46/135,0,104700,0,104700,5542000,5687300,0,0
10,variable_amount,base,fixed_10pct,c4f68a85f24ef0a694df5b9488164ff21e2e555211d7328a0e2b5a40abfdb678,9,205130,6,1,853880,1/6,217490,1601/675,0,75660,29040,104700,5542000,5687300,554200,0
10,variable_amount,base,ipon,c4f68a85f24ef0a694df5b9488164ff21e2e555211d7328a0e2b5a40abfdb678,11,214000,6,1,885200,1/6,177300,17/9,7,67700,37000,104700,5542000,5687300,422000,0
11,variable_gap,base,none,c4c656884ed496147c1a8ab0f720fa6e86cedaf7baddbac63d833d9afef1aaa0,2,50000,1,0,223300,0,40800,493/270,0,118500,0,118500,5640000,5771500,0,0
11,variable_gap,base,fixed_10pct,c4c656884ed496147c1a8ab0f720fa6e86cedaf7baddbac63d833d9afef1aaa0,2,39500,1,0,133500,0,141100,73/18,7,70500,48000,118500,5640000,5771500,564000,0
11,variable_gap,base,ipon,c4c656884ed496147c1a8ab0f720fa6e86cedaf7baddbac63d833d9afef1aaa0,2,45000,1,0,167100,0,102000,853/270,0,59000,59500,118500,5640000,5771500,351000,0
12,regular,base,none,05ac117bae7b5550c5c268ffc7309d3dfc796f054fd4c73b2cb851b16b4b0740,7,118800,0,0,0,,58300,25/27,0,57700,0,57700,5400000,5592300,0,0
12,regular,base,fixed_10pct,05ac117bae7b5550c5c268ffc7309d3dfc796f054fd4c73b2cb851b16b4b0740,0,0,0,0,0,,204900,161/45,0,45700,39800,85500,5400000,5564500,540000,0
12,regular,base,ipon,05ac117bae7b5550c5c268ffc7309d3dfc796f054fd4c73b2cb851b16b4b0740,1,10200,0,0,0,,180800,841/270,0,52700,18900,71600,5400000,5578400,252500,0
13,variable_amount,base,none,f4f7d666d1fae062bd7ea6f2e053b74262f4b44e5e320028030f094929916ce7,22,510900,5,0,314400,0,145200,0,0,41600,0,41600,5395800,5604200,0,0
13,variable_amount,base,fixed_10pct,f4f7d666d1fae062bd7ea6f2e053b74262f4b44e5e320028030f094929916ce7,21,470560,5,0,308400,0,191540,379/540,0,31280,10320,41600,5395800,5604200,539580,0
13,variable_amount,base,ipon,f4f7d666d1fae062bd7ea6f2e053b74262f4b44e5e320028030f094929916ce7,21,477900,5,0,311900,0,180700,29/54,0,41600,0,41600,5395800,5604200,481000,0
14,variable_gap,base,none,cc750d8d2f4c4ebbeca5058595ceae5236cbd0d4ce4b67d3c2003c6493af4bce,8,141200,4,3,99600,3/4,61100,0,0,253900,0,253900,6120000,6116100,0,0
14,variable_gap,base,fixed_10pct,cc750d8d2f4c4ebbeca5058595ceae5236cbd0d4ce4b67d3c2003c6493af4bce,6,92400,4,3,74200,3/4,146200,20/9,0,183600,81200,264800,6120000,6105200,612000,0
14,variable_gap,base,ipon,cc750d8d2f4c4ebbeca5058595ceae5236cbd0d4ce4b67d3c2003c6493af4bce,6,94700,4,3,70100,3/4,156000,1391/540,0,129100,143700,272800,6120000,6097200,668500,0
15,regular,base,none,b56ccc0b3de8472596253cae1a83e718b0ebebd33423320f1b680d64dd1d242f,19,491400,6,2,538000,1/3,143600,0,0,59600,0,59600,5400000,5590400,0,0
15,regular,base,fixed_10pct,b56ccc0b3de8472596253cae1a83e718b0ebebd33423320f1b680d64dd1d242f,17,409600,6,2,490600,1/3,289300,31/45,0,47600,28500,76100,5400000,5573900,540000,0
15,regular,base,ipon,b56ccc0b3de8472596253cae1a83e718b0ebebd33423320f1b680d64dd1d242f,18,444600,6,2,504800,1/3,240100,10/27,0,54600,21500,76100,5400000,5573900,224000,0
16,variable_amount,base,none,e7b180f9f9e1d3ed6b88b9f1da3e20378cb323e56a0be146d97459a87f982484,10,139900,2,1,253300,1/2,76700,89/270,0,95200,0,95200,5589300,5744100,0,0
16,variable_amount,base,fixed_10pct,e7b180f9f9e1d3ed6b88b9f1da3e20378cb323e56a0be146d97459a87f982484,6,84000,2,1,225230,1/2,160670,1487/540,0,55880,39320,95200,5589300,5744100,558930,0
16,variable_amount,base,ipon,e7b180f9f9e1d3ed6b88b9f1da3e20378cb323e56a0be146d97459a87f982484,5,82200,2,1,226400,1/2,161300,88/27,0,49700,45500,95200,5589300,5744100,431000,0
17,variable_gap,base,none,d4fd089c4a539667a83df1765264e2ac7f981a266fb10eb1e41ea662b609a5f3,12,299500,6,2,499200,1/3,91500,50/27,0,150100,0,150100,5760000,5859900,0,0
17,variable_gap,base,fixed_10pct,d4fd089c4a539667a83df1765264e2ac7f981a266fb10eb1e41ea662b609a5f3,12,281200,6,3,475600,1/2,152100,1961/540,7,59700,109100,168800,5760000,5841200,576000,0
17,variable_gap,base,ipon,d4fd089c4a539667a83df1765264e2ac7f981a266fb10eb1e41ea662b609a5f3,12,284800,6,3,475600,1/2,151500,110/27,0,42700,129100,171800,5760000,5838200,423000,0
18,regular,base,none,a709e55abdf72de555383f340a7c665ad75ee1a46f5334c4c7e86e9040ff26d3,9,200500,4,0,519200,0,100000,0,0,0,0,0,5400000,5650000,0,0
18,regular,base,fixed_10pct,a709e55abdf72de555383f340a7c665ad75ee1a46f5334c4c7e86e9040ff26d3,8,146900,4,1,425300,1/4,247500,91/54,0,0,0,0,5400000,5650000,540000,0
18,regular,base,ipon,a709e55abdf72de555383f340a7c665ad75ee1a46f5334c4c7e86e9040ff26d3,9,173000,4,1,436600,1/4,210100,136/135,0,0,0,0,5400000,5650000,251000,0
19,variable_amount,base,none,231cefb5ac020d37462a580092228d7fc093dfacfeb6310464f4cbcea91b5995,12,224100,5,3,482500,3/5,79500,0,0,116700,0,116700,5678300,5811600,0,0
19,variable_amount,base,fixed_10pct,231cefb5ac020d37462a580092228d7fc093dfacfeb6310464f4cbcea91b5995,10,161520,5,3,482500,3/5,187290,1796/675,0,53990,107920,161910,5678300,5766390,567830,0
19,variable_amount,base,ipon,231cefb5ac020d37462a580092228d7fc093dfacfeb6310464f4cbcea91b5995,10,170700,5,3,482500,3/5,172000,14/5,0,56700,99100,155800,5678300,5772500,505000,0
20,variable_gap,base,none,52494b87adba5e44299ecdccb0c1734a4c03117580943b8277286f97a253a754,22,547700,3,1,111000,1/3,134700,0,0,87300,0,87300,5400000,5562700,0,0
20,variable_gap,base,fixed_10pct,52494b87adba5e44299ecdccb0c1734a4c03117580943b8277286f97a253a754,21,475900,3,1,108100,1/3,209400,4/3,0,27300,60000,87300,5400000,5562700,540000,0
20,variable_gap,base,ipon,52494b87adba5e44299ecdccb0c1734a4c03117580943b8277286f97a253a754,20,475300,3,1,108100,1/3,210000,196/135,0,29300,58000,87300,5400000,5562700,561000,0
21,regular,base,none,2338e578c392f4c2cf8eea626098b8627578515dad77c74be5182587396d988a,10,240100,3,0,544300,0,77700,0,0,59400,0,59400,5400000,5590600,0,0
21,regular,base,fixed_10pct,2338e578c392f4c2cf8eea626098b8627578515dad77c74be5182587396d988a,6,121400,3,0,500600,0,240100,19/18,0,47400,12000,59400,5400000,5590600,540000,0
21,regular,base,ipon,2338e578c392f4c2cf8eea626098b8627578515dad77c74be5182587396d988a,9,161600,3,0,497100,0,203400,187/270,0,54400,5000,59400,5400000,5590600,247500,0
22,variable_amount,base,none,a3bfdd17e3123b1a88d09b17a4e14680e59d09624e316ec5fa408aad454ac7ab,17,377800,9,3,892300,1/3,127400,0,0,117600,0,117600,5578600,5711000,0,0
22,variable_amount,base,fixed_10pct,a3bfdd17e3123b1a88d09b17a4e14680e59d09624e316ec5fa408aad454ac7ab,14,312050,9,3,878870,1/3,210060,2903/2700,0,92390,28690,121080,5578600,5707520,557860,0
22,variable_amount,base,ipon,a3bfdd17e3123b1a88d09b17a4e14680e59d09624e316ec5fa408aad454ac7ab,15,330300,9,3,870700,1/3,203700,7/6,0,79800,45000,124800,5578600,5703800,450000,0
23,variable_gap,base,none,fa7b32501c966d111ac58380eb0f352f0b4c591d4ea5baab30af72d51a0549fc,3,62600,3,2,24100,2/3,29000,0,0,234700,0,234700,6120000,6135300,0,0
23,variable_gap,base,fixed_10pct,fa7b32501c966d111ac58380eb0f352f0b4c591d4ea5baab30af72d51a0549fc,2,45500,3,3,0,1,113800,989/270,7,162700,115600,278300,6120000,6091700,612000,0
23,variable_gap,base,ipon,fa7b32501c966d111ac58380eb0f352f0b4c591d4ea5baab30af72d51a0549fc,2,47600,3,2,2200,2/3,119600,2633/540,0,113700,174700,288400,6120000,6081600,623500,0
24,regular,base,none,8868e970440fd21d32c1f23a504b7141d3854cd497b8a8da0eccdc759c04177f,9,219800,2,0,193800,0,84200,0,0,58700,0,58700,5400000,5591300,0,0
24,regular,base,fixed_10pct,8868e970440fd21d32c1f23a504b7141d3854cd497b8a8da0eccdc759c04177f,6,103700,2,0,172100,0,222000,29/27,0,46700,12000,58700,5400000,5591300,540000,0
24,regular,base,ipon,8868e970440fd21d32c1f23a504b7141d3854cd497b8a8da0eccdc759c04177f,9,138700,2,0,163400,0,195700,181/270,0,53700,5000,58700,5400000,5591300,251000,0
25,variable_amount,base,none,00ef8ac7c1168109dc3bcb99bba49049b6d78a48130d2cc604cdf0c316c55684,25,417800,5,3,277400,3/5,150800,0,0,81800,0,81800,5516700,5684900,0,0
25,variable_amount,base,fixed_10pct,00ef8ac7c1168109dc3bcb99bba49049b6d78a48130d2cc604cdf0c316c55684,20,342930,5,3,277400,3/5,225670,37/54,0,55410,26390,81800,5516700,5684900,551670,0
25,variable_amount,base,ipon,00ef8ac7c1168109dc3bcb99bba49049b6d78a48130d2cc604cdf0c316c55684,22,346200,5,3,277400,3/5,222400,1,0,48300,33500,81800,5516700,5684900,503000,0
26,variable_gap,base,none,b66062aeafd758e2385d4b1460babaf54fdc63ec96c6cdfbd6c0691b31de2fc2,15,322400,4,2,106300,1/2,97500,0,0,0,0,0,5520000,5770000,0,0
26,variable_gap,base,fixed_10pct,b66062aeafd758e2385d4b1460babaf54fdc63ec96c6cdfbd6c0691b31de2fc2,14,272000,4,2,81400,1/2,178200,193/90,7,0,5400,5400,5520000,5764600,552000,0
26,variable_gap,base,ipon,b66062aeafd758e2385d4b1460babaf54fdc63ec96c6cdfbd6c0691b31de2fc2,14,288900,4,2,77000,1/2,165700,493/270,0,0,5400,5400,5520000,5764600,436500,0
27,regular,base,none,c87ff24de73e862c182158ce84b08a682cc1f9b66165c3b297397482dccecd39,13,264700,4,1,254300,1/4,98700,0,0,59500,0,59500,5400000,5590500,0,0
27,regular,base,fixed_10pct,c87ff24de73e862c182158ce84b08a682cc1f9b66165c3b297397482dccecd39,9,165300,4,1,232900,1/4,233500,11/6,0,44500,29000,73500,5400000,5576500,540000,0
27,regular,base,ipon,c87ff24de73e862c182158ce84b08a682cc1f9b66165c3b297397482dccecd39,9,184500,4,1,238700,1/4,205800,209/180,0,51500,19300,70800,5400000,5579200,255000,0
28,variable_amount,base,none,5432673bcaffc06353ca83c46aa188be851ea53bfa10490beec6808c1c4b1e20,20,410600,4,1,562200,1/4,125800,0,0,171200,0,171200,5411000,5489800,0,0
28,variable_amount,base,fixed_10pct,5432673bcaffc06353ca83c46aa188be851ea53bfa10490beec6808c1c4b1e20,18,359760,4,1,551990,1/4,215050,81/50,0,111930,87470,199400,5411000,5461600,541100,0
28,variable_amount,base,ipon,5432673bcaffc06353ca83c46aa188be851ea53bfa10490beec6808c1c4b1e20,18,367700,4,1,555400,1/4,207100,262/135,0,82400,120400,202800,5411000,5458200,408500,0
29,variable_gap,base,none,e20fc788184e31601adf91e33318e6f1ca808bee4b201a223333ab5f9c317049,25,627800,2,2,0,1,143900,0,0,120800,0,120800,5280000,5409200,0,0
29,variable_gap,base,fixed_10pct,e20fc788184e31601adf91e33318e6f1ca808bee4b201a223333ab5f9c317049,24,542500,2,2,0,1,231500,8/9,0,75100,48000,123100,5280000,5406900,528000,0
29,variable_gap,base,ipon,e20fc788184e31601adf91e33318e6f1ca808bee4b201a223333ab5f9c317049,22,548500,2,2,0,1,223200,41/54,0,90300,30500,120800,5280000,5409200,574000,0
30,regular,base,none,55bfadc599d4f7653ca4cd2e873e644b96a765c24e898ee45d7fa3374d9b225c,7,135700,0,0,0,,56600,0,0,61500,0,61500,5400000,5588500,0,0
30,regular,base,fixed_10pct,55bfadc599d4f7653ca4cd2e873e644b96a765c24e898ee45d7fa3374d9b225c,0,0,0,0,0,,234700,1783/540,0,49500,54400,103900,5400000,5546100,540000,0
30,regular,base,ipon,55bfadc599d4f7653ca4cd2e873e644b96a765c24e898ee45d7fa3374d9b225c,1,12200,0,0,0,,192700,331/135,0,56500,17600,74100,5400000,5575900,242000,0
31,variable_amount,base,none,79538ead10291e3cb3cf909031112377dadd20c068eaa6a05de3a030763455f9,15,243300,3,1,351700,1/3,99500,0,0,34800,0,34800,5427300,5642500,0,0
31,variable_amount,base,fixed_10pct,79538ead10291e3cb3cf909031112377dadd20c068eaa6a05de3a030763455f9,12,196580,3,1,312420,1/3,185500,1793/900,0,25310,9490,34800,5427300,5642500,542730,0
31,variable_amount,base,ipon,79538ead10291e3cb3cf909031112377dadd20c068eaa6a05de3a030763455f9,11,193500,3,1,309100,1/3,191900,43/18,0,34800,0,34800,5427300,5642500,432000,0
32,variable_gap,base,none,234259a916433361c159bdbf0802a2823f21d25cb7725edc065f7e0acdfa7ffc,5,125000,3,1,208600,1/3,60300,244/135,0,58200,0,58200,5640000,5831800,0,0
32,variable_gap,base,fixed_10pct,234259a916433361c159bdbf0802a2823f21d25cb7725edc065f7e0acdfa7ffc,5,125000,3,1,130900,1/3,138000,22/5,7,46200,12000,58200,5640000,5831800,564000,0
32,variable_gap,base,ipon,234259a916433361c159bdbf0802a2823f21d25cb7725edc065f7e0acdfa7ffc,5,125000,3,1,115200,1/3,153700,148/27,7,53200,5000,58200,5640000,5831800,514500,0
33,regular,base,none,057dcd0b49c9a2734f6479faadc6f5871bd70dd646838cdf95766bf8696c5811,10,207500,3,0,391100,0,106400,0,0,66400,0,66400,5400000,5583600,0,0
33,regular,base,fixed_10pct,057dcd0b49c9a2734f6479faadc6f5871bd70dd646838cdf95766bf8696c5811,8,168100,3,0,320600,0,232200,157/135,0,48800,33500,82300,5400000,5567700,540000,0
33,regular,base,ipon,057dcd0b49c9a2734f6479faadc6f5871bd70dd646838cdf95766bf8696c5811,9,186600,3,0,331400,0,196200,11/15,0,55800,19800,75600,5400000,5574400,253000,0
34,variable_amount,base,none,383742bf5b48929fa6d974f360734d098eba0cf29deb65bcfaa045c3a0ee8c75,9,197800,1,0,285500,0,90000,0,0,105700,0,105700,5323900,5468200,0,0
34,variable_amount,base,fixed_10pct,383742bf5b48929fa6d974f360734d098eba0cf29deb65bcfaa045c3a0ee8c75,7,122210,1,0,285500,0,165590,1741/900,0,89280,16420,105700,5323900,5468200,532390,0
34,variable_amount,base,ipon,383742bf5b48929fa6d974f360734d098eba0cf29deb65bcfaa045c3a0ee8c75,8,132800,1,0,285500,0,155000,163/90,0,78700,27000,105700,5323900,5468200,379500,0
35,variable_gap,base,none,35c16568ef865a9ac66d1637aa885901ba8c0168b3b752923734307124dfe187,17,434700,4,1,294900,1/4,151600,0,0,96000,0,96000,5280000,5434000,0,0
35,variable_gap,base,fixed_10pct,35c16568ef865a9ac66d1637aa885901ba8c0168b3b752923734307124dfe187,17,389000,4,1,284500,1/4,249500,253/180,0,64600,73200,137800,5280000,5392200,528000,0
35,variable_gap,base,ipon,35c16568ef865a9ac66d1637aa885901ba8c0168b3b752923734307124dfe187,17,415500,4,1,289600,1/4,224300,331/180,0,64600,79600,144200,5280000,5385800,487500,0
36,regular,base,none,182635d8b8c2f5389d2eb9e70428c73d819a51fa0ce83f5a5ef6de2fab585bf8,8,199800,4,1,701700,1/4,72000,0,0,62800,0,62800,5400000,5587200,0,0
36,regular,base,fixed_10pct,182635d8b8c2f5389d2eb9e70428c73d819a51fa0ce83f5a5ef6de2fab585bf8,8,145200,4,1,637800,1/4,207200,146/135,0,47800,31700,79500,5400000,5570500,540000,0
36,regular,base,ipon,182635d8b8c2f5389d2eb9e70428c73d819a51fa0ce83f5a5ef6de2fab585bf8,8,161700,4,1,653900,1/4,166700,61/90,0,54800,16800,71600,5400000,5578400,259500,0
37,variable_amount,base,none,10055f029b6db70556b655140e5456abf7234e2618d529887a3d631efe888d81,13,318600,3,0,439100,0,88200,0,0,58500,0,58500,5375700,5567200,0,0
37,variable_amount,base,fixed_10pct,10055f029b6db70556b655140e5456abf7234e2618d529887a3d631efe888d81,11,261040,3,1,414600,1/3,170260,56/25,0,34700,23800,58500,5375700,5567200,537570,0
37,variable_amount,base,ipon,10055f029b6db70556b655140e5456abf7234e2618d529887a3d631efe888d81,11,275100,3,1,408200,1/3,162600,149/54,0,48500,10000,58500,5375700,5567200,429500,0
38,variable_gap,base,none,1daae5be61c713f7eed42de97d2d30e95951536210f525039a596c4747dc349f,24,574900,4,3,8600,3/4,148900,0,0,94400,0,94400,5400000,5555600,0,0
38,variable_gap,base,fixed_10pct,1daae5be61c713f7eed42de97d2d30e95951536210f525039a596c4747dc349f,23,516600,4,3,3000,3/4,212800,8/9,0,34400,60000,94400,5400000,5555600,540000,0
38,variable_gap,base,ipon,1daae5be61c713f7eed42de97d2d30e95951536210f525039a596c4747dc349f,23,518200,4,3,6600,3/4,213800,43/90,0,23100,77500,100600,5400000,5549400,460500,0
39,regular,base,none,1320c61b5e64eeafce22603c66c43896a8f5551bac9623837c862b637dc3e5dc,17,348700,6,2,520700,1/3,144600,0,0,61200,0,61200,5400000,5588800,0,0
39,regular,base,fixed_10pct,1320c61b5e64eeafce22603c66c43896a8f5551bac9623837c862b637dc3e5dc,12,254200,6,2,471200,1/3,288600,92/135,0,49200,12000,61200,5400000,5588800,540000,0
39,regular,base,ipon,1320c61b5e64eeafce22603c66c43896a8f5551bac9623837c862b637dc3e5dc,15,304200,6,2,477900,1/3,231900,199/540,0,56200,5000,61200,5400000,5588800,180000,0
40,variable_amount,base,none,01da0f94f40bc95003236c54e4b69e2963a5b754f093bfd76db896d54d451a04,26,411700,2,0,228700,0,141100,0,0,137400,0,137400,5218500,5331100,0,0
40,variable_amount,base,fixed_10pct,01da0f94f40bc95003236c54e4b69e2963a5b754f093bfd76db896d54d451a04,19,354290,2,0,226800,0,204610,17/15,0,95570,46030,141600,5218500,5326900,521850,0
40,variable_amount,base,ipon,01da0f94f40bc95003236c54e4b69e2963a5b754f093bfd76db896d54d451a04,22,374600,2,0,228700,0,182400,22/27,7,81000,60600,141600,5218500,5326900,370000,0
41,variable_gap,base,none,cbcfa4a5e711128764d77a7550f0da5a36effb908c7546a87ba310efc68b6cbc,29,753400,5,0,623100,0,196800,0,0,0,0,0,5040000,5290000,0,0
41,variable_gap,base,fixed_10pct,cbcfa4a5e711128764d77a7550f0da5a36effb908c7546a87ba310efc68b6cbc,29,680000,5,0,608800,0,284500,2/3,0,0,0,0,5040000,5290000,504000,0
41,variable_gap,base,ipon,cbcfa4a5e711128764d77a7550f0da5a36effb908c7546a87ba310efc68b6cbc,29,719900,5,0,598700,0,254700,44/135,0,0,0,0,5040000,5290000,382500,0
42,regular,base,none,8a2a0892149011d8f99ef295d8dad96edc745baefe3c809c0d77df15da981e29,8,166300,2,1,46900,1/2,75000,0,0,67200,0,67200,5400000,5582800,0,0
42,regular,base,fixed_10pct,8a2a0892149011d8f99ef295d8dad96edc745baefe3c809c0d77df15da981e29,3,57000,2,1,13900,1/2,234300,493/270,0,49200,35000,84200,5400000,5565800,540000,0
42,regular,base,ipon,8a2a0892149011d8f99ef295d8dad96edc745baefe3c809c0d77df15da981e29,5,98800,2,1,34600,1/2,164300,277/270,0,56200,20500,76700,5400000,5573300,252000,0
43,variable_amount,base,none,3902937ee72b3e5e55295ab3ad1a84b08b0b15aa99e8eef3df93c9c88167898d,10,178400,3,2,80900,2/3,72800,0,0,50900,0,50900,5510900,5710000,0,0
43,variable_amount,base,fixed_10pct,3902937ee72b3e5e55295ab3ad1a84b08b0b15aa99e8eef3df93c9c88167898d,8,135840,3,2,43340,2/3,161620,211/75,0,39890,19710,59600,5510900,5701300,551090,0
43,variable_amount,base,ipon,3902937ee72b3e5e55295ab3ad1a84b08b0b15aa99e8eef3df93c9c88167898d,8,137600,3,2,44700,2/3,171000,143/45,0,50900,21200,72100,5510900,5688800,506000,0
44,variable_gap,base,none,1344b7cc073261c7fa1fdc202b0a7098582ef94384e97b50fbe2fe11bfd511ff,10,275400,0,0,0,,51900,0,0,208400,0,208400,5400000,5441600,0,0
44,variable_gap,base,fixed_10pct,1344b7cc073261c7fa1fdc202b0a7098582ef94384e97b50fbe2fe11bfd511ff,10,184500,0,0,0,,161000,20/9,0,94200,132400,226600,5400000,5423400,540000,0
44,variable_gap,base,ipon,1344b7cc073261c7fa1fdc202b0a7098582ef94384e97b50fbe2fe11bfd511ff,10,222300,0,0,0,,122200,314/135,0,96200,129400,225600,5400000,5424400,437000,0
45,regular,base,none,ae246cef99058409e3593c464e25f1dcb0d2f2a39952ee114b749008496659ab,19,407500,3,0,239300,0,163000,0,0,60300,0,60300,5400000,5589700,0,0
45,regular,base,fixed_10pct,ae246cef99058409e3593c464e25f1dcb0d2f2a39952ee114b749008496659ab,16,293100,3,0,231100,0,302600,181/270,0,48300,29000,77300,5400000,5572700,540000,0
45,regular,base,ipon,ae246cef99058409e3593c464e25f1dcb0d2f2a39952ee114b749008496659ab,18,336200,3,0,233700,0,255900,203/540,0,55300,21000,76300,5400000,5573700,200500,0
46,variable_amount,base,none,2de37a1fa41d4dea7a71f52050d2a3dc3d34efab2bb3df7ea6f055de54d664ce,19,322500,2,2,0,1,103900,0,0,154700,0,154700,5463100,5558400,0,0
46,variable_amount,base,fixed_10pct,2de37a1fa41d4dea7a71f52050d2a3dc3d34efab2bb3df7ea6f055de54d664ce,17,247270,2,2,0,1,179130,1259/900,0,109390,45310,154700,5463100,5558400,546310,0
46,variable_amount,base,ipon,2de37a1fa41d4dea7a71f52050d2a3dc3d34efab2bb3df7ea6f055de54d664ce,17,255600,2,2,0,1,170800,97/54,0,78700,76000,154700,5463100,5558400,456000,0
47,variable_gap,base,none,996413ec236297db2f7bcc49be9d28d8eaf6ede25e64423a8beb70808ad56766,5,100700,1,1,0,1,38700,0,0,60900,0,60900,5520000,5709100,0,0
47,variable_gap,base,fixed_10pct,996413ec236297db2f7bcc49be9d28d8eaf6ede25e64423a8beb70808ad56766,2,41400,1,1,0,1,162900,1619/270,7,48900,76900,125800,5520000,5644200,552000,0
47,variable_gap,base,ipon,996413ec236297db2f7bcc49be9d28d8eaf6ede25e64423a8beb70808ad56766,3,50000,1,1,0,1,124200,97/15,7,55900,39800,95700,5520000,5674300,343000,0
48,regular,base,none,ef9c3604a6e3d359528b45f4a90053eefee191254e647e0e151c8c632609bf35,11,255300,2,0,57400,0,80000,49/135,0,76900,0,76900,5400000,5573100,0,0
48,regular,base,fixed_10pct,ef9c3604a6e3d359528b45f4a90053eefee191254e647e0e151c8c632609bf35,6,139400,2,1,38700,1/2,235800,85/27,0,51200,46900,98100,5400000,5551900,540000,0
48,regular,base,ipon,ef9c3604a6e3d359528b45f4a90053eefee191254e647e0e151c8c632609bf35,7,160300,2,1,40500,1/2,200900,17/6,0,60200,25700,85900,5400000,5564100,250000,0
49,variable_amount,base,none,21cbc1cdeebebc1bec3460093998f0892b613d763772a90a53b26f931ff5cebf,19,335700,3,1,409800,1/3,115000,0,0,133200,0,133200,5319500,5436300,0,0
49,variable_amount,base,fixed_10pct,21cbc1cdeebebc1bec3460093998f0892b613d763772a90a53b26f931ff5cebf,17,286100,3,1,408300,1/3,210840,10841/5400,0,59500,118440,177940,5319500,5391560,531950,0
49,variable_amount,base,ipon,21cbc1cdeebebc1bec3460093998f0892b613d763772a90a53b26f931ff5cebf,16,281200,3,1,408300,1/3,212100,27/10,0,57600,116700,174300,5319500,5395200,464000,0
50,variable_gap,base,none,d3fd46d4f7a0e5ce82ceb49948c302d2e3b34823640dd423f7bbbd38abbe4e4b,6,118200,3,3,0,1,31400,50/27,0,33600,0,33600,5760000,5976400,0,0
50,variable_gap,base,fixed_10pct,d3fd46d4f7a0e5ce82ceb49948c302d2e3b34823640dd423f7bbbd38abbe4e4b,3,38000,3,3,0,1,111600,260/27,14,21600,12000,33600,5760000,5976400,576000,0
50,variable_gap,base,ipon,d3fd46d4f7a0e5ce82ceb49948c302d2e3b34823640dd423f7bbbd38abbe4e4b,4,62800,3,3,0,1,86800,217/18,7,28600,5000,33600,5760000,5976400,416000,0
51,regular,base,none,18e41736b13440a25d86bbc9dbd853e284d6c72cc31bc78a97d7f5f0e355f111,13,278400,1,0,117200,0,83000,0,0,63800,0,63800,5400000,5586200,0,0
51,regular,base,fixed_10pct,18e41736b13440a25d86bbc9dbd853e284d6c72cc31bc78a97d7f5f0e355f111,9,133300,1,0,117200,0,239800,443/540,0,50500,25000,75500,5400000,5574500,540000,0
51,regular,base,ipon,18e41736b13440a25d86bbc9dbd853e284d6c72cc31bc78a97d7f5f0e355f111,10,184900,1,0,110200,0,192100,43/90,0,57500,14900,72400,5400000,5577600,238000,0
52,variable_amount,base,none,f66474a59627a958fbd1da90effa1a28014e725aed33cd9979094f25178f2c82,30,534700,3,1,487900,1/3,157800,0,0,16900,0,16900,5062700,5295800,0,0
52,variable_amount,base,fixed_10pct,f66474a59627a958fbd1da90effa1a28014e725aed33cd9979094f25178f2c82,28,468030,3,1,487900,1/3,224470,443/540,0,9070,7830,16900,5062700,5295800,506270,0
52,variable_amount,base,ipon,f66474a59627a958fbd1da90effa1a28014e725aed33cd9979094f25178f2c82,28,482100,3,1,487900,1/3,210400,37/54,7,16900,0,16900,5062700,5295800,365500,0
53,variable_gap,base,none,cd2d45e820e8f31d45024e050bf2ba48892aa6072ba8e0a6cc4b4f3048c0a00f,16,335200,5,3,188000,3/5,115300,0,0,275200,0,275200,5880000,5854800,0,0
53,variable_gap,base,fixed_10pct,cd2d45e820e8f31d45024e050bf2ba48892aa6072ba8e0a6cc4b4f3048c0a00f,14,278400,5,3,164300,3/5,195800,4/3,0,155200,120000,275200,5880000,5854800,588000,0
53,variable_gap,base,ipon,cd2d45e820e8f31d45024e050bf2ba48892aa6072ba8e0a6cc4b4f3048c0a00f,15,312400,5,3,163700,3/5,162400,733/540,0,100200,175000,275200,5880000,5854800,632000,0
54,regular,base,none,7ecc965e349b8ea0bb4b7a375c4c394964d95852a470cd68879ec6967332462a,20,427600,5,2,265900,2/5,138700,0,0,54400,0,54400,5400000,5595600,0,0
54,regular,base,fixed_10pct,7ecc965e349b8ea0bb4b7a375c4c394964d95852a470cd68879ec6967332462a,15,295700,5,2,234700,2/5,301800,203/270,0,42400,12000,54400,5400000,5595600,540000,0
54,regular,base,ipon,7ecc965e349b8ea0bb4b7a375c4c394964d95852a470cd68879ec6967332462a,16,350800,5,2,242500,2/5,238900,17/45,0,49400,5000,54400,5400000,5595600,223500,0
55,variable_amount,base,none,1c6c21a770dc6557c3f3d1d02366c500c213c2d4a7617c34f2eacac63863201d,20,311000,1,1,0,1,110100,0,0,112600,0,112600,5296100,5433500,0,0
55,variable_amount,base,fixed_10pct,1c6c21a770dc6557c3f3d1d02366c500c213c2d4a7617c34f2eacac63863201d,14,208690,1,1,0,1,218010,3281/2700,0,79270,38930,118200,5296100,5427900,529610,0
55,variable_amount,base,ipon,1c6c21a770dc6557c3f3d1d02366c500c213c2d4a7617c34f2eacac63863201d,13,222100,1,1,0,1,200400,4/3,0,71500,42500,114000,5296100,5432100,450500,0
56,variable_gap,base,none,b252b71fee21de1f050907ff009e685c1e8b7acd8be468b546edb23bfd931ead,16,335000,3,1,323900,1/3,97600,0,0,151200,0,151200,5400000,5498800,0,0
56,variable_gap,base,fixed_10pct,b252b71fee21de1f050907ff009e685c1e8b7acd8be468b546edb23bfd931ead,14,283300,3,1,323900,1/3,164500,16/9,0,77100,89300,166400,5400000,5483600,540000,0
56,variable_gap,base,ipon,b252b71fee21de1f050907ff009e685c1e8b7acd8be468b546edb23bfd931ead,14,292800,3,1,323900,1/3,167200,107/54,7,84100,94500,178600,5400000,5471400,507000,0
57,regular,base,none,993bb044ca34f690a4eede389c25183a219ae64a69e2f706ade43a59efb931ab,13,290900,3,1,466300,1/3,116300,0,0,65000,0,65000,5400000,5585000,0,0
57,regular,base,fixed_10pct,993bb044ca34f690a4eede389c25183a219ae64a69e2f706ade43a59efb931ab,10,184100,3,1,447900,1/3,256900,31/27,0,50300,30100,80400,5400000,5569600,540000,0
57,regular,base,ipon,993bb044ca34f690a4eede389c25183a219ae64a69e2f706ade43a59efb931ab,10,205700,3,1,455500,1/3,222500,379/540,0,57300,17900,75200,5400000,5574800,247500,0
58,variable_amount,base,none,c93063ebff38b37a47c41b10900a3c825d4e74b710383d0b8adee4979f9eeadd,16,348400,3,0,419700,0,109700,0,0,110700,0,110700,5404100,5543400,0,0
58,variable_amount,base,fixed_10pct,c93063ebff38b37a47c41b10900a3c825d4e74b710383d0b8adee4979f9eeadd,13,287530,3,1,397470,1/3,193010,317/270,0,44880,66030,110910,5404100,5543190,540410,0
58,variable_amount,base,ipon,c93063ebff38b37a47c41b10900a3c825d4e74b710383d0b8adee4979f9eeadd,14,297100,3,1,406800,1/3,178600,643/540,0,51500,63900,115400,5404100,5538700,434500,0
59,variable_gap,base,none,cb4f3164356765bf4c854c43ad16556d16731d117f2d3db74491dba055be1dbd,24,515300,2,0,353100,0,144100,0,0,91400,0,91400,5040000,5198600,0,0
59,variable_gap,base,fixed_10pct,cb4f3164356765bf4c854c43ad16556d16731d117f2d3db74491dba055be1dbd,22,443600,2,0,350800,0,218100,4/3,0,55400,36000,91400,5040000,5198600,504000,0
59,variable_gap,base,ipon,cb4f3164356765bf4c854c43ad16556d16731d117f2d3db74491dba055be1dbd,22,460900,2,0,353100,0,198500,103/90,0,61400,30000,91400,5040000,5198600,328000,0
60,regular,base,none,aa26e2530d0ac109e784f650453bb8ec3a4994f700d57439096c57f7789d71fb,5,98400,0,0,0,,50700,13/15,0,67100,0,67100,5400000,5582900,0,0
60,regular,base,fixed_10pct,aa26e2530d0ac109e784f650453bb8ec3a4994f700d57439096c57f7789d71fb,0,0,0,0,0,,220500,1081/270,0,45400,93100,138500,5400000,5511500,540000,0
60,regular,base,ipon,aa26e2530d0ac109e784f650453bb8ec3a4994f700d57439096c57f7789d71fb,0,0,0,0,0,,166700,841/270,0,53300,31400,84700,5400000,5565300,252500,0
61,variable_amount,base,none,e84f50715b5508d1b713da8a941517958bb8523d1112202f0ad06f12cc402790,8,110700,2,1,239800,1/2,61800,31/54,0,108300,0,108300,5562900,5704600,0,0
61,variable_amount,base,fixed_10pct,e84f50715b5508d1b713da8a941517958bb8523d1112202f0ad06f12cc402790,6,74310,2,1,181640,1/2,156350,983/300,7,91430,16870,108300,5562900,5704600,556290,0
61,variable_amount,base,ipon,e84f50715b5508d1b713da8a941517958bb8523d1112202f0ad06f12cc402790,6,79500,2,1,162800,1/2,170000,61/15,7,79300,29000,108300,5562900,5704600,540000,0
62,variable_gap,base,none,7ccc53d7d942c0374a4f58de8c669491c02aba876e1315dee155105735f3c838,9,178200,1,0,5100,0,76500,0,0,150600,0,150600,5520000,5619400,0,0
62,variable_gap,base,fixed_10pct,7ccc53d7d942c0374a4f58de8c669491c02aba876e1315dee155105735f3c838,6,112700,1,0,400,0,162100,61/27,7,0,166000,166000,5520000,5604000,552000,0
62,variable_gap,base,ipon,7ccc53d7d942c0374a4f58de8c669491c02aba876e1315dee155105735f3c838,6,120000,1,1,0,1,174000,74/27,7,0,184800,184800,5520000,5585200,575500,0
63,regular,base,none,16e4fc5f4e06b591468b63761e590822c62010df26ae7a307407c007f5f3c315,13,313000,4,0,665000,0,111200,0,0,71600,0,71600,5400000,5578400,0,0
63,regular,base,fixed_10pct,16e4fc5f4e06b591468b63761e590822c62010df26ae7a307407c007f5f3c315,10,240800,4,0,608100,0,254500,47/54,0,50800,35000,85800,5400000,5564200,540000,0
63,regular,base,ipon,16e4fc5f4e06b591468b63761e590822c62010df26ae7a307407c007f5f3c315,12,278500,4,0,602300,0,216600,157/270,0,57800,22000,79800,5400000,5570200,253000,0
64,variable_amount,base,none,dcad14121879aa2f2e0df118ca6bae207ce02120459c36f2fd8799e0873af71b,11,210500,1,1,0,1,90900,0,0,73600,0,73600,5340700,5517100,0,0
64,variable_amount,base,fixed_10pct,dcad14121879aa2f2e0df118ca6bae207ce02120459c36f2fd8799e0873af71b,8,133540,1,1,0,1,174560,1403/900,0,31650,48650,80300,5340700,5510400,534070,0
64,variable_amount,base,ipon,dcad14121879aa2f2e0df118ca6bae207ce02120459c36f2fd8799e0873af71b,9,156700,1,1,0,1,151400,89/54,0,41800,38500,80300,5340700,5510400,409000,0
65,variable_gap,base,none,5811941e2694aff90cba21834f2021a41021e8af1b4a622e974be1984c150716,11,219100,3,1,131500,1/3,78400,0,0,93300,0,93300,5760000,5916700,0,0
65,variable_gap,base,fixed_10pct,5811941e2694aff90cba21834f2021a41021e8af1b4a622e974be1984c150716,9,143700,3,1,111700,1/3,177300,409/270,0,79600,17400,97000,5760000,5913000,576000,0
65,variable_gap,base,ipon,5811941e2694aff90cba21834f2021a41021e8af1b4a622e974be1984c150716,9,161200,3,1,103500,1/3,167600,85/54,0,86600,10000,96600,5760000,5913400,610500,0
66,regular,base,none,d1f75f2b085978fc46bbd0c3d7aac7f6d4ef6d59663981cc7c202207b12738f4,19,407800,5,1,888900,1/5,123200,0,0,65000,0,65000,5400000,5585000,0,0
66,regular,base,fixed_10pct,d1f75f2b085978fc46bbd0c3d7aac7f6d4ef6d59663981cc7c202207b12738f4,15,324200,5,1,837700,1/5,285700,29/45,0,48400,44300,92700,5400000,5557300,540000,0
66,regular,base,ipon,d1f75f2b085978fc46bbd0c3d7aac7f6d4ef6d59663981cc7c202207b12738f4,16,361100,5,1,853700,1/5,220500,10/27,0,55400,25000,80400,5400000,5569600,200000,0
67,variable_amount,base,none,e6be363f1f96c8f2f060f33ccef19ff90a9fc4ff0ece4b04deed4d474fad07e4,13,307000,2,1,214500,1/2,88000,0,0,96300,0,96300,5366300,5520000,0,0
67,variable_amount,base,fixed_10pct,e6be363f1f96c8f2f060f33ccef19ff90a9fc4ff0ece4b04deed4d474fad07e4,10,226270,2,1,214500,1/2,187450,1133/675,0,64970,50050,115020,5366300,5501280,536630,0
67,variable_amount,base,ipon,e6be363f1f96c8f2f060f33ccef19ff90a9fc4ff0ece4b04deed4d474fad07e4,10,231100,2,1,214500,1/2,180500,107/54,0,64000,48900,112900,5366300,5503400,437000,0
68,variable_gap,base,none,f51a8a4a04829e5116787753e57d3a6d337c36a397fb117ce121323298c0dcf3,13,276600,3,1,413600,1/3,79500,50/27,0,61800,0,61800,5400000,5588200,0,0
68,variable_gap,base,fixed_10pct,f51a8a4a04829e5116787753e57d3a6d337c36a397fb117ce121323298c0dcf3,12,229400,3,1,356400,1/3,183900,2039/540,7,49800,12000,61800,5400000,5588200,540000,0
68,variable_gap,base,ipon,f51a8a4a04829e5116787753e57d3a6d337c36a397fb117ce121323298c0dcf3,12,238100,3,1,370800,1/3,160800,361/90,0,56800,5000,61800,5400000,5588200,415500,0
69,regular,base,none,995cf6abb8ff2342bc3169a132f4e1f9e83f780b131f836296fb4064feb71dd8,13,294600,5,1,649300,1/5,115100,0,0,66500,0,66500,5400000,5583500,0,0
69,regular,base,fixed_10pct,995cf6abb8ff2342bc3169a132f4e1f9e83f780b131f836296fb4064feb71dd8,12,238800,5,1,583400,1/5,253400,239/270,0,48000,35100,83100,5400000,5566900,540000,0
69,regular,base,ipon,995cf6abb8ff2342bc3169a132f4e1f9e83f780b131f836296fb4064feb71dd8,12,250900,5,1,604300,1/5,214700,77/135,0,55000,22400,77400,5400000,5572600,259000,0
70,variable_amount,base,none,c693f3a67b8cd0da57cfa213cf12b18d554cfe72fbc357f765452413f027501d,24,404700,2,0,186700,0,145700,0,0,56500,0,56500,5074700,5268200,0,0
70,variable_amount,base,fixed_10pct,c693f3a67b8cd0da57cfa213cf12b18d554cfe72fbc357f765452413f027501d,22,352490,2,0,156610,0,240440,2137/2700,0,28310,40630,68940,5074700,5255760,507470,0
70,variable_amount,base,ipon,c693f3a67b8cd0da57cfa213cf12b18d554cfe72fbc357f765452413f027501d,19,348400,2,0,164800,0,229100,5/6,0,39200,22500,61700,5074700,5263000,331000,0
71,variable_gap,base,none,20b5408f6c15d6b1a6e13ef47f4f1ae8ec4f27bac51145e556a075723456dff8,29,703200,5,2,283300,2/5,198400,0,0,146200,0,146200,5160000,5263800,0,0
71,variable_gap,base,fixed_10pct,20b5408f6c15d6b1a6e13ef47f4f1ae8ec4f27bac51145e556a075723456dff8,27,625400,5,2,270600,2/5,288900,118/135,0,122200,24000,146200,5160000,5263800,516000,0
71,variable_gap,base,ipon,20b5408f6c15d6b1a6e13ef47f4f1ae8ec4f27bac51145e556a075723456dff8,29,668200,5,2,270200,2/5,246500,5/27,0,126700,19500,146200,5160000,5263800,214500,0
72,regular,base,none,21f28f03f84559bbabdd93baba5d7b9320eee3bbee1431b7555eeda153d7851d,9,201300,2,1,232200,1/2,70400,0,0,72700,0,72700,5400000,5577300,0,0
72,regular,base,fixed_10pct,21f28f03f84559bbabdd93baba5d7b9320eee3bbee1431b7555eeda153d7851d,5,106400,2,1,207900,1/2,206000,173/135,0,45600,43500,89100,5400000,5560900,540000,0
72,regular,base,ipon,21f28f03f84559bbabdd93baba5d7b9320eee3bbee1431b7555eeda153d7851d,8,139300,2,1,223200,1/2,146300,199/270,0,52600,25000,77600,5400000,5572400,253500,0
73,variable_amount,base,none,54ef043c8c86d6e18b1d9b9a3c9eb1c9c3ffa4535e68bcb25471183fa9c42f1c,22,503000,3,1,260700,1/3,125700,0,0,78200,0,78200,5452500,5624300,0,0
73,variable_amount,base,fixed_10pct,54ef043c8c86d6e18b1d9b9a3c9eb1c9c3ffa4535e68bcb25471183fa9c42f1c,21,417950,3,1,248310,1/3,223140,641/675,0,64700,13500,78200,5452500,5624300,545250,0
73,variable_amount,base,ipon,54ef043c8c86d6e18b1d9b9a3c9eb1c9c3ffa4535e68bcb25471183fa9c42f1c,21,440900,3,1,251100,1/3,197400,239/270,0,65700,12500,78200,5452500,5624300,438500,0
74,variable_gap,base,none,6ef014d4674c70123533e6c01c147fab0c34f395981c0b60a40f9daafb5129f7,20,479900,9,1,1127500,1/9,140800,0,0,0,0,0,5400000,5650000,0,0
74,variable_gap,base,fixed_10pct,6ef014d4674c70123533e6c01c147fab0c34f395981c0b60a40f9daafb5129f7,20,421500,9,1,1100000,1/9,226700,8/9,0,0,0,0,5400000,5650000,540000,0
74,variable_gap,base,ipon,6ef014d4674c70123533e6c01c147fab0c34f395981c0b60a40f9daafb5129f7,20,448500,9,1,1086800,1/9,212900,10/27,0,0,0,0,5400000,5650000,501500,0
75,regular,base,none,bcdc3cfc217115dc3b2f55b6bcee10e7bd22634d5aa9b8333c562ee016a2e803,23,518700,4,0,680800,0,140600,0,0,64000,0,64000,5400000,5586000,0,0
75,regular,base,fixed_10pct,bcdc3cfc217115dc3b2f55b6bcee10e7bd22634d5aa9b8333c562ee016a2e803,19,410700,4,0,655100,0,281900,26/45,0,50700,20900,71600,5400000,5578400,540000,0
75,regular,base,ipon,bcdc3cfc217115dc3b2f55b6bcee10e7bd22634d5aa9b8333c562ee016a2e803,21,464500,4,0,661200,0,219600,73/270,0,57700,11500,69200,5400000,5580800,224000,0
76,variable_amount,base,none,89ee71c3e4922d59b2d14984f7690a8f17544e05784329f21d75b12a695c42d9,20,409000,3,1,45600,1/3,108400,0,0,0,0,0,5555400,5805400,0,0
76,variable_amount,base,fixed_10pct,89ee71c3e4922d59b2d14984f7690a8f17544e05784329f21d75b12a695c42d9,17,345580,3,1,28400,1/3,189020,796/675,0,0,0,0,5555400,5805400,555540,0
76,variable_amount,base,ipon,89ee71c3e4922d59b2d14984f7690a8f17544e05784329f21d75b12a695c42d9,17,358500,3,1,28700,1/3,175800,29/18,7,0,0,0,5555400,5805400,540500,0
77,variable_gap,base,none,8e5a8f84675832928d2be5b4c18263f45aa7c337070276f7545e3a6a529b84f9,25,571100,4,2,501100,1/2,170100,0,0,184100,0,184100,5280000,5345900,0,0
77,variable_gap,base,fixed_10pct,8e5a8f84675832928d2be5b4c18263f45aa7c337070276f7545e3a6a529b84f9,24,497600,4,2,490400,1/2,263900,62/135,0,78500,115200,193700,5280000,5336300,528000,0
77,variable_gap,base,ipon,8e5a8f84675832928d2be5b4c18263f45aa7c337070276f7545e3a6a529b84f9,24,541700,4,2,491300,1/2,225600,5/27,0,91400,109000,200400,5280000,5329600,288500,0
78,regular,base,none,fe0a826deed911d7ecdef641f0b1ccfc215968486e51893426a68912b07724a6,18,443600,6,2,325600,1/3,127200,0,0,60400,0,60400,5400000,5589600,0,0
78,regular,base,fixed_10pct,fe0a826deed911d7ecdef641f0b1ccfc215968486e51893426a68912b07724a6,14,352600,6,2,297200,1/3,269300,41/60,0,48400,34700,83100,5400000,5566900,540000,0
78,regular,base,ipon,fe0a826deed911d7ecdef641f0b1ccfc215968486e51893426a68912b07724a6,15,387900,6,2,309000,1/3,216200,10/27,0,55400,21700,77100,5400000,5572900,223000,0
79,variable_amount,base,none,1a6b2bc3fd01ef2f693212b70f91a372c26712e8bc31115cbaf2b9c2459ad919,8,175200,1,0,121500,0,55800,107/90,0,68500,0,68500,5308700,5490200,0,0
79,variable_amount,base,fixed_10pct,1a6b2bc3fd01ef2f693212b70f91a372c26712e8bc31115cbaf2b9c2459ad919,4,88710,1,0,121500,0,142290,4981/1800,7,55500,13000,68500,5308700,5490200,530870,0
79,variable_amount,base,ipon,1a6b2bc3fd01ef2f693212b70f91a372c26712e8bc31115cbaf2b9c2459ad919,4,102800,1,0,121500,0,128200,76/27,0,58500,10000,68500,5308700,5490200,378500,0
80,variable_gap,base,none,d438bfc113d1267e34e3f7a7844b9bdb37b7cd93a2e75a286f17b7af6f08c447,12,320300,4,1,117600,1/4,93600,0,0,170300,0,170300,5400000,5479700,0,0
80,variable_gap,base,fixed_10pct,d438bfc113d1267e34e3f7a7844b9bdb37b7cd93a2e75a286f17b7af6f08c447,12,258700,4,1,117600,1/4,191400,328/135,0,78200,128300,206500,5400000,5443500,540000,0
80,variable_gap,base,ipon,d438bfc113d1267e34e3f7a7844b9bdb37b7cd93a2e75a286f17b7af6f08c447,11,261200,4,1,117600,1/4,186200,359/135,0,85200,118600,203800,5400000,5446200,453000,0
81,regular,base,none,a454a9ae14a011b190d024bf70c75d13de0bcd5d8ee4f9c5a2a740fbe620491d,15,290400,5,1,314000,1/5,103100,0,0,60600,0,60600,5400000,5589400,0,0
81,regular,base,fixed_10pct,a454a9ae14a011b190d024bf70c75d13de0bcd5d8ee4f9c5a2a740fbe620491d,9,165100,5,2,294300,2/5,248100,154/135,0,48600,12000,60600,5400000,5589400,540000,0
81,regular,base,ipon,a454a9ae14a011b190d024bf70c75d13de0bcd5d8ee4f9c5a2a740fbe620491d,9,191500,5,1,300700,1/5,215300,197/270,0,55600,5000,60600,5400000,5589400,246500,0
82,variable_amount,base,none,dec9c879cd4062816ef7996ee8ea6a932fb8fe4d2b342c61cffb71f0186a3a60,22,400300,4,2,261600,1/2,139000,0,0,8100,0,8100,5456400,5698300,0,0
82,variable_amount,base,fixed_10pct,dec9c879cd4062816ef7996ee8ea6a932fb8fe4d2b342c61cffb71f0186a3a60,20,319100,4,2,261600,1/2,220200,677/675,0,1600,6500,8100,5456400,5698300,545640,0
82,variable_amount,base,ipon,dec9c879cd4062816ef7996ee8ea6a932fb8fe4d2b342c61cffb71f0186a3a60,21,344700,4,2,261600,1/2,194600,299/270,7,8100,0,8100,5456400,5698300,458000,0
83,variable_gap,base,none,faf3a092871b0e3477b8b98a44881dba7bbf014491ef165d7e071a4bebec74a4,40,1013700,2,1,146800,1/2,240200,0,0,60800,0,60800,4560000,4749200,0,0
83,variable_gap,base,fixed_10pct,faf3a092871b0e3477b8b98a44881dba7bbf014491ef165d7e071a4bebec74a4,39,924500,2,1,141100,1/2,335100,4/9,0,36800,24000,60800,4560000,4749200,456000,0
83,variable_gap,base,ipon,faf3a092871b0e3477b8b98a44881dba7bbf014491ef165d7e071a4bebec74a4,40,995500,2,1,141100,1/2,264100,0,0,53300,7500,60800,4560000,4749200,160000,0
84,regular,base,none,e9e6acf88ea326114db91d279492ec17d797ab4d894ca74f6694a46f39e42a1c,9,156100,2,1,136800,1/2,71700,0,0,63700,0,63700,5400000,5586300,0,0
84,regular,base,fixed_10pct,e9e6acf88ea326114db91d279492ec17d797ab4d894ca74f6694a46f39e42a1c,4,25500,2,1,112200,1/2,240500,307/270,0,51700,25600,77300,5400000,5572700,540000,0
84,regular,base,ipon,e9e6acf88ea326114db91d279492ec17d797ab4d894ca74f6694a46f39e42a1c,5,90500,2,1,118100,1/2,169600,94/135,0,58700,18600,77300,5400000,5572700,251000,0
85,variable_amount,base,none,4ad9d66a1dcc050204d16814f33a339ba73e1c8c610e6d6e361e80d4190ff6e0,18,303300,2,1,244900,1/2,129500,0,0,23700,0,23700,5361400,5587700,0,0
85,variable_amount,base,fixed_10pct,4ad9d66a1dcc050204d16814f33a339ba73e1c8c610e6d6e361e80d4190ff6e0,17,232260,2,1,225700,1/2,219740,117/100,0,15090,8610,23700,5361400,5587700,536140,0
85,variable_amount,base,ipon,4ad9d66a1dcc050204d16814f33a339ba73e1c8c610e6d6e361e80d4190ff6e0,17,229400,2,1,223400,1/2,224900,35/27,0,23700,0,23700,5361400,5587700,462000,0
86,variable_gap,base,none,d700ceb20c95cb1c0c8f6a496d6a3cee7f6243a5eca5ca9980af53071a61310d,12,267800,1,0,34700,0,68600,0,0,92700,0,92700,5520000,5677300,0,0
86,variable_gap,base,fixed_10pct,d700ceb20c95cb1c0c8f6a496d6a3cee7f6243a5eca5ca9980af53071a61310d,11,219400,1,0,6400,0,145300,173/90,0,56700,36000,92700,5520000,5677300,552000,0
86,variable_gap,base,ipon,d700ceb20c95cb1c0c8f6a496d6a3cee7f6243a5eca5ca9980af53071a61310d,10,215200,1,1,0,1,155900,13/6,7,41200,51500,92700,5520000,5677300,565500,0
87,regular,base,none,e8d29fed4d4299e2a47719aacb931ba9a31593425bae804d069f784a3f1aeac8,9,194500,2,0,278000,0,89700,97/270,0,60400,0,60400,5400000,5589600,0,0
87,regular,base,fixed_10pct,e8d29fed4d4299e2a47719aacb931ba9a31593425bae804d069f784a3f1aeac8,6,126600,2,0,207100,0,238800,563/180,0,48400,22300,70700,5400000,5579300,540000,0
87,regular,base,ipon,e8d29fed4d4299e2a47719aacb931ba9a31593425bae804d069f784a3f1aeac8,6,137000,2,0,224400,0,211100,151/54,0,55400,15300,70700,5400000,5579300,253000,0
88,variable_amount,base,none,be0b1f5121ffae9faa7fa920f4cd9c27747ce4ff3d7f40e1875bfea3a3630e44,20,379100,2,0,173500,0,105900,0,0,266800,0,266800,5579800,5563000,0,0
88,variable_amount,base,fixed_10pct,be0b1f5121ffae9faa7fa920f4cd9c27747ce4ff3d7f40e1875bfea3a3630e44,19,352510,2,0,173500,0,197810,769/300,0,143790,188330,332120,5579800,5497680,557980,0
88,variable_amount,base,ipon,be0b1f5121ffae9faa7fa920f4cd9c27747ce4ff3d7f40e1875bfea3a3630e44,19,367200,2,0,173500,0,176100,80/27,0,150500,174600,325100,5579800,5504700,460500,0
89,variable_gap,base,none,813209fa7432695ce594af450d77eb95a2cd1710ddc4614c16bea3d7c88b424a,33,780800,0,0,0,,193300,0,0,58600,0,58600,4560000,4751400,0,0
89,variable_gap,base,fixed_10pct,813209fa7432695ce594af450d77eb95a2cd1710ddc4614c16bea3d7c88b424a,33,691800,0,0,0,,291800,4/9,0,46600,21500,68100,4560000,4741900,456000,0
89,variable_gap,base,ipon,813209fa7432695ce594af450d77eb95a2cd1710ddc4614c16bea3d7c88b424a,33,750900,0,0,0,,232700,0,0,58600,9500,68100,4560000,4741900,171500,0
0,regular,delayed_income,none,b98d44af4a3801a2c8b2256acccabfc36c9715b4f03a2ad0f97492a7f96735b8,15,269200,3,2,140500,2/3,106600,0,0,0,0,0,5400000,5650000,0,0
0,regular,delayed_income,fixed_10pct,b98d44af4a3801a2c8b2256acccabfc36c9715b4f03a2ad0f97492a7f96735b8,9,149100,3,2,117700,2/3,262900,128/135,0,0,13400,13400,5400000,5636600,540000,0
0,regular,delayed_income,ipon,b98d44af4a3801a2c8b2256acccabfc36c9715b4f03a2ad0f97492a7f96735b8,12,185500,3,2,126900,2/3,215600,67/108,0,0,11700,11700,5400000,5638300,258000,0
1,variable_amount,delayed_income,none,7aa430b9334d1c12b00388ca6ad52402e247b57e95e71c26f8c2924df8cf9f9e,31,672500,5,0,456500,0,172300,0,0,56000,0,56000,4928200,5122200,0,0
1,variable_amount,delayed_income,fixed_10pct,7aa430b9334d1c12b00388ca6ad52402e247b57e95e71c26f8c2924df8cf9f9e,29,615370,5,0,440390,0,248840,4129/5400,0,22460,36840,59300,4928200,5118900,492820,0
1,variable_amount,delayed_income,ipon,7aa430b9334d1c12b00388ca6ad52402e247b57e95e71c26f8c2924df8cf9f9e,30,634100,5,0,439300,0,231200,53/54,0,25300,34000,59300,4928200,5118900,311000,0
2,variable_gap,delayed_income,none,fcb5234e8f2313af470d291328938760889918aa8c9e14cb7bf105846b9f3dd6,20,553600,2,2,0,1,115800,188/135,0,0,0,0,5160000,5410000,0,0
2,variable_gap,delayed_income,fixed_10pct,fcb5234e8f2313af470d291328938760889918aa8c9e14cb7bf105846b9f3dd6,20,442500,2,2,0,1,226900,661/270,7,0,0,0,5160000,5410000,516000,0
2,variable_gap,delayed_income,ipon,fcb5234e8f2313af470d291328938760889918aa8c9e14cb7bf105846b9f3dd6,20,477700,2,2,0,1,191700,37/15,7,0,0,0,5160000,5410000,415500,0
3,regular,delayed_income,none,afa238a9bf8f05b8eaa21a87e39d4e07ee60da87930934bdee18546082437959,13,232300,1,1,0,1,97200,0,0,65900,0,65900,5400000,5584100,0,0
3,regular,delayed_income,fixed_10pct,afa238a9bf8f05b8eaa21a87e39d4e07ee60da87930934bdee18546082437959,7,117500,1,1,0,1,226300,188/135,0,49100,31100,80200,5400000,5569800,540000,0
3,regular,delayed_income,ipon,afa238a9bf8f05b8eaa21a87e39d4e07ee60da87930934bdee18546082437959,9,148100,1,1,0,1,191600,19/27,0,56100,20000,76100,5400000,5573900,276500,0
4,variable_amount,delayed_income,none,8183c9750c6285d8b43850c9c1c2a61b69d5dc2b1b58aeeaec78cee33bd9c496,23,455100,3,0,436700,0,130800,0,0,0,0,0,5403200,5653200,0,0
4,variable_amount,delayed_income,fixed_10pct,8183c9750c6285d8b43850c9c1c2a61b69d5dc2b1b58aeeaec78cee33bd9c496,23,447090,3,0,391990,0,183520,3293/1350,0,0,0,0,5403200,5653200,540320,0
4,variable_amount,delayed_income,ipon,8183c9750c6285d8b43850c9c1c2a61b69d5dc2b1b58aeeaec78cee33bd9c496,23,447600,3,0,376200,0,198800,329/108,0,0,0,0,5403200,5653200,526500,0
5,variable_gap,delayed_income,none,36215b492867d5865512528853cc592d29c1c741d0fbe6752ebf6a99bcf0252d,21,583500,6,3,228300,1/2,126400,0,0,0,0,0,5640000,5890000,0,0
5,variable_gap,delayed_income,fixed_10pct,36215b492867d5865512528853cc592d29c1c741d0fbe6752ebf6a99bcf0252d,17,504400,6,3,217300,1/2,220100,16/9,0,0,3600,3600,5640000,5886400,564000,0
5,variable_gap,delayed_income,ipon,36215b492867d5865512528853cc592d29c1c741d0fbe6752ebf6a99bcf0252d,16,478100,6,3,223500,1/2,237300,133/54,0,0,700,700,5640000,5889300,690500,0
6,regular,delayed_income,none,0e90ce97e42d00bfb0dfbfbec66727fa1a6a4a66f9cf6aee7383c74ff0a275a3,8,184100,2,0,161500,0,87000,0,0,54500,0,54500,5400000,5595500,0,0
6,regular,delayed_income,fixed_10pct,0e90ce97e42d00bfb0dfbfbec66727fa1a6a4a66f9cf6aee7383c74ff0a275a3,5,100300,2,0,98500,0,253300,287/108,0,42500,31500,74000,5400000,5576000,540000,0
6,regular,delayed_income,ipon,0e90ce97e42d00bfb0dfbfbec66727fa1a6a4a66f9cf6aee7383c74ff0a275a3,6,117100,2,0,110300,0,216300,229/90,0,49500,16100,65600,5400000,5584400,276500,0
7,variable_amount,delayed_income,none,77a5981d0183adbe7efc9f47d16a892c22b77a87ba7c6e4687d3494a8acc7dd7,35,649300,4,1,623800,1/4,214100,0,0,74100,0,74100,5028800,5204700,0,0
7,variable_amount,delayed_income,fixed_10pct,77a5981d0183adbe7efc9f47d16a892c22b77a87ba7c6e4687d3494a8acc7dd7,31,583750,4,1,623800,1/4,284950,541/900,0,39190,40210,79400,5028800,5199400,502880,0
7,variable_amount,delayed_income,ipon,77a5981d0183adbe7efc9f47d16a892c22b77a87ba7c6e4687d3494a8acc7dd7,32,597000,4,1,618300,1/4,277200,8/15,0,50300,29100,79400,5028800,5199400,341000,0
8,variable_gap,delayed_income,none,f505fa6a60e2c6b5ec1c279dd16a6f5964fb3861cd8d3f3be52ca832ab53d567,32,771100,2,0,338400,0,209900,0,0,0,0,0,4800000,5050000,0,0
8,variable_gap,delayed_income,fixed_10pct,f505fa6a60e2c6b5ec1c279dd16a6f5964fb3861cd8d3f3be52ca832ab53d567,31,705000,2,0,338400,0,289900,4/9,0,0,13900,13900,4800000,5036100,480000,0
8,variable_gap,delayed_income,ipon,f505fa6a60e2c6b5ec1c279dd16a6f5964fb3861cd8d3f3be52ca832ab53d567,31,741700,2,0,338400,0,249700,0,0,0,10400,10400,4800000,5039600,198500,0
9,regular,delayed_income,none,b9e2cb99e60740c8e1a097fc74cf4744079c2c9a11ccc6cb1b0871006a9b46f5,9,170500,3,0,518100,0,70500,0,0,61200,0,61200,5400000,5588800,0,0
9,regular,delayed_income,fixed_10pct,b9e2cb99e60740c8e1a097fc74cf4744079c2c9a11ccc6cb1b0871006a9b46f5,6,95500,3,0,442600,0,221000,1319/540,0,49200,12000,61200,5400000,5588800,540000,0
9,regular,delayed_income,ipon,b9e2cb99e60740c8e1a097fc74cf4744079c2c9a11ccc6cb1b0871006a9b46f5,6,111900,3,0,459700,0,187500,131/54,0,56200,5000,61200,5400000,5588800,276000,0
10,variable_amount,delayed_income,none,dfe4e8f648efdc868caba7ffc119e6f6d2c5ad4cbc215fae05a2613c31b31d2c,14,272600,6,1,889500,1/6,114400,0,0,104700,0,104700,5542000,5687300,0,0
10,variable_amount,delayed_income,fixed_10pct,dfe4e8f648efdc868caba7ffc119e6f6d2c5ad4cbc215fae05a2613c31b31d2c,9,205130,6,1,856630,1/6,214740,2609/1350,0,75660,29040,104700,5542000,5687300,554200,0
10,variable_amount,delayed_income,ipon,dfe4e8f648efdc868caba7ffc119e6f6d2c5ad4cbc215fae05a2613c31b31d2c,11,216900,6,1,872700,1/6,186900,17/9,7,67700,37000,104700,5542000,5687300,492500,0
11,variable_gap,delayed_income,none,02f18bfc4b2fd076e5830b247193093e4b453c470571447f29bf08c493599606,2,50000,1,0,223300,0,40800,493/270,0,118500,0,118500,5640000,5771500,0,0
11,variable_gap,delayed_income,fixed_10pct,02f18bfc4b2fd076e5830b247193093e4b453c470571447f29bf08c493599606,2,39500,1,0,128400,0,146200,548/135,7,70500,48000,118500,5640000,5771500,564000,0
11,variable_gap,delayed_income,ipon,02f18bfc4b2fd076e5830b247193093e4b453c470571447f29bf08c493599606,2,45000,1,0,165700,0,103400,853/270,0,59000,59500,118500,5640000,5771500,329000,0
12,regular,delayed_income,none,1c963b9700519f4514667946af59078c1f772c257960729e166b086b0ab9a502,7,116400,0,0,0,,60700,0,0,57700,0,57700,5400000,5592300,0,0
12,regular,delayed_income,fixed_10pct,1c963b9700519f4514667946af59078c1f772c257960729e166b086b0ab9a502,0,0,0,0,0,,199100,86/27,0,45700,34000,79700,5400000,5570300,540000,0
12,regular,delayed_income,ipon,1c963b9700519f4514667946af59078c1f772c257960729e166b086b0ab9a502,1,13400,0,0,0,,177600,8/3,0,52700,18900,71600,5400000,5578400,278000,0
13,variable_amount,delayed_income,none,af48431e6a982d15fb435ca761015bd245af3adb0dc791c142d8265829dc8154,22,492400,5,0,338300,0,139800,0,0,41600,0,41600,5395800,5604200,0,0
13,variable_amount,delayed_income,fixed_10pct,af48431e6a982d15fb435ca761015bd245af3adb0dc791c142d8265829dc8154,21,445660,5,0,338300,0,186540,2279/2700,0,31280,10320,41600,5395800,5604200,539580,0
13,variable_amount,delayed_income,ipon,af48431e6a982d15fb435ca761015bd245af3adb0dc791c142d8265829dc8154,21,453000,5,0,337900,0,179600,29/27,0,41600,0,41600,5395800,5604200,544000,0
14,variable_gap,delayed_income,none,e7c33688ec11ed0eb8f5fa8e99fb1f1a9c9c5830c4f323e9c14a2813a79f15f8,5,79100,4,2,174200,1/2,48600,0,0,253900,0,253900,6120000,6116100,0,0
14,variable_gap,delayed_income,fixed_10pct,e7c33688ec11ed0eb8f5fa8e99fb1f1a9c9c5830c4f323e9c14a2813a79f15f8,4,57700,4,2,126300,1/2,128800,20/9,0,183600,81200,264800,6120000,6105200,612000,0
14,variable_gap,delayed_income,ipon,e7c33688ec11ed0eb8f5fa8e99fb1f1a9c9c5830c4f323e9c14a2813a79f15f8,4,52800,4,2,124800,1/2,143200,1391/540,0,129100,143700,272800,6120000,6097200,687500,0
15,regular,delayed_income,none,6ff2544a90a17fd3f8b9d393c8eceb84c05060e235a0604b01d065bb976ae576,20,517900,6,2,510100,1/3,145000,0,0,59600,0,59600,5400000,5590400,0,0
15,regular,delayed_income,fixed_10pct,6ff2544a90a17fd3f8b9d393c8eceb84c05060e235a0604b01d065bb976ae576,18,454600,6,2,455900,1/3,279000,133/180,0,47600,28500,76100,5400000,5573900,540000,0
15,regular,delayed_income,ipon,6ff2544a90a17fd3f8b9d393c8eceb84c05060e235a0604b01d065bb976ae576,19,474600,6,2,473100,1/3,241800,43/90,0,54600,21500,76100,5400000,5573900,247000,0
16,variable_amount,delayed_income,none,d2582d8cc8ea3c765e4d6e89c7788d1a9f9fe50df269cfb91277423c0131f5de,10,142300,2,1,253300,1/2,74300,0,0,95200,0,95200,5589300,5744100,0,0
16,variable_amount,delayed_income,fixed_10pct,d2582d8cc8ea3c765e4d6e89c7788d1a9f9fe50df269cfb91277423c0131f5de,6,84000,2,1,221630,1/2,164270,7331/2700,0,55880,39320,95200,5589300,5744100,558930,0
16,variable_amount,delayed_income,ipon,d2582d8cc8ea3c765e4d6e89c7788d1a9f9fe50df269cfb91277423c0131f5de,5,82200,2,1,222200,1/2,165500,88/27,0,49700,45500,95200,5589300,5744100,437000,0
17,variable_gap,delayed_income,none,30e52cde0a1d3d8ecdd0d4bc79ee61cebc2a9c282d42b5607fb140a740ff6483,12,299500,6,2,499200,1/3,91500,50/27,0,150100,0,150100,5760000,5859900,0,0
17,variable_gap,delayed_income,fixed_10pct,30e52cde0a1d3d8ecdd0d4bc79ee61cebc2a9c282d42b5607fb140a740ff6483,12,281200,6,3,475600,1/2,152100,1961/540,7,59700,109100,168800,5760000,5841200,576000,0
17,variable_gap,delayed_income,ipon,30e52cde0a1d3d8ecdd0d4bc79ee61cebc2a9c282d42b5607fb140a740ff6483,12,284800,6,3,475600,1/2,151500,110/27,0,42700,129100,171800,5760000,5838200,423000,0
18,regular,delayed_income,none,a495a51236b3b5ece9bd18a9d33701572eef21bf59d2142ec375f1a32cc78a59,10,206700,4,0,516800,0,96200,0,0,0,0,0,5400000,5650000,0,0
18,regular,delayed_income,fixed_10pct,a495a51236b3b5ece9bd18a9d33701572eef21bf59d2142ec375f1a32cc78a59,8,155900,4,1,425300,1/4,238500,91/54,0,0,0,0,5400000,5650000,540000,0
18,regular,delayed_income,ipon,a495a51236b3b5ece9bd18a9d33701572eef21bf59d2142ec375f1a32cc78a59,9,175000,4,1,436600,1/4,208100,136/135,0,0,0,0,5400000,5650000,269500,0
19,variable_amount,delayed_income,none,eaf2867a4f6af974c8fb60020734ec20c5e4cae611e8d9ab6e4ee2e563476623,13,223300,5,3,482500,3/5,80300,0,0,116700,0,116700,5678300,5811600,0,0
19,variable_amount,delayed_income,fixed_10pct,eaf2867a4f6af974c8fb60020734ec20c5e4cae611e8d9ab6e4ee2e563476623,11,163920,5,3,482500,3/5,184890,6223/2700,0,53990,107920,161910,5678300,5766390,567830,0
19,variable_amount,delayed_income,ipon,eaf2867a4f6af974c8fb60020734ec20c5e4cae611e8d9ab6e4ee2e563476623,11,175100,5,3,482500,3/5,167600,721/270,0,56700,99100,155800,5678300,5772500,529500,0
20,variable_gap,delayed_income,none,af0b03990c849310a016d8948ec452348ec10b5eb468d6c27b5f44fe23a73cf8,23,546800,3,1,111000,1/3,135600,0,0,87300,0,87300,5400000,5562700,0,0
20,variable_gap,delayed_income,fixed_10pct,af0b03990c849310a016d8948ec452348ec10b5eb468d6c27b5f44fe23a73cf8,21,480500,3,1,108100,1/3,204800,4/3,0,27300,60000,87300,5400000,5562700,540000,0
20,variable_gap,delayed_income,ipon,af0b03990c849310a016d8948ec452348ec10b5eb468d6c27b5f44fe23a73cf8,20,477700,3,1,108100,1/3,207600,58/45,0,29300,58000,87300,5400000,5562700,556000,0
21,regular,delayed_income,none,dfd49468b64210b6e9131e3ab999b7693c60bd93391027875c2911670b771e99,10,240200,3,0,544300,0,77600,0,0,59400,0,59400,5400000,5590600,0,0
21,regular,delayed_income,fixed_10pct,dfd49468b64210b6e9131e3ab999b7693c60bd93391027875c2911670b771e99,7,143400,3,0,481100,0,237600,175/108,0,47400,12000,59400,5400000,5590600,540000,0
21,regular,delayed_income,ipon,dfd49468b64210b6e9131e3ab999b7693c60bd93391027875c2911670b771e99,8,163300,3,0,497100,0,201700,229/270,0,54400,5000,59400,5400000,5590600,270500,0
22,variable_amount,delayed_income,none,d58d3719f3ef31f2fbf4de9fa5c0ac04e7622b485dfedfa9c773b0c05da9f572,16,356900,9,3,919800,1/3,120800,0,0,117600,0,117600,5578600,5711000,0,0
22,variable_amount,delayed_income,fixed_10pct,d58d3719f3ef31f2fbf4de9fa5c0ac04e7622b485dfedfa9c773b0c05da9f572,14,308490,9,3,899940,1/3,192550,3619/2700,0,92390,28690,121080,5578600,5707520,557860,0
22,variable_amount,delayed_income,ipon,d58d3719f3ef31f2fbf4de9fa5c0ac04e7622b485dfedfa9c773b0c05da9f572,13,310200,9,3,889200,1/3,205300,817/540,0,79800,45000,124800,5578600,5703800,523500,0
23,variable_gap,delayed_income,none,d097c942c75828f830277dde8b131dc4614fb9da95a3241b6f700a72202039b9,3,62600,3,2,24100,2/3,29000,0,0,234700,0,234700,6120000,6135300,0,0
23,variable_gap,delayed_income,fixed_10pct,d097c942c75828f830277dde8b131dc4614fb9da95a3241b6f700a72202039b9,2,42200,3,3,0,1,117100,989/270,7,162700,115600,278300,6120000,6091700,612000,0
23,variable_gap,delayed_income,ipon,d097c942c75828f830277dde8b131dc4614fb9da95a3241b6f700a72202039b9,2,44700,3,3,0,1,131900,2689/540,0,120700,174900,295600,6120000,6074400,691000,0
24,regular,delayed_income,none,58d77866b75e1412ea69b5d16f6068e9da387048c0597609057e7f0fbc868e41,9,224100,2,0,193800,0,79900,0,0,58700,0,58700,5400000,5591300,0,0
24,regular,delayed_income,fixed_10pct,58d77866b75e1412ea69b5d16f6068e9da387048c0597609057e7f0fbc868e41,5,114700,2,0,172100,0,211000,43/36,0,46700,12000,58700,5400000,5591300,540000,0
24,regular,delayed_income,ipon,58d77866b75e1412ea69b5d16f6068e9da387048c0597609057e7f0fbc868e41,9,143200,2,0,163400,0,191200,217/270,0,53700,5000,58700,5400000,5591300,271500,0
25,variable_amount,delayed_income,none,9fd16bda3cedede400ce88933c96b6a5e1e33a8bafdfab2c125eb25d09cf96e9,23,421000,5,3,277400,3/5,147600,0,0,81800,0,81800,5516700,5684900,0,0
25,variable_amount,delayed_income,fixed_10pct,9fd16bda3cedede400ce88933c96b6a5e1e33a8bafdfab2c125eb25d09cf96e9,18,346610,5,3,277400,3/5,221990,116/135,0,55410,26390,81800,5516700,5684900,551670,0
25,variable_amount,delayed_income,ipon,9fd16bda3cedede400ce88933c96b6a5e1e33a8bafdfab2c125eb25d09cf96e9,20,348300,5,3,277400,3/5,220300,1,0,48300,33500,81800,5516700,5684900,512000,0
26,variable_gap,delayed_income,none,a13000d048364777aa4d7a71823c5be66178727fff3e37e089b710949fc7aee5,14,322000,4,2,106300,1/2,97900,0,0,0,0,0,5520000,5770000,0,0
26,variable_gap,delayed_income,fixed_10pct,a13000d048364777aa4d7a71823c5be66178727fff3e37e089b710949fc7aee5,13,268100,4,2,81400,1/2,182100,193/90,7,0,5400,5400,5520000,5764600,552000,0
26,variable_gap,delayed_income,ipon,a13000d048364777aa4d7a71823c5be66178727fff3e37e089b710949fc7aee5,13,285000,4,2,77000,1/2,169600,493/270,0,0,5400,5400,5520000,5764600,452500,0
27,regular,delayed_income,none,1a907f7f8345052faa0a553691bae064e2d6dde0d2c9ad3f8b54e75a60e0a481,13,269800,4,1,254300,1/4,93600,0,0,59500,0,59500,5400000,5590500,0,0
27,regular,delayed_income,fixed_10pct,1a907f7f8345052faa0a553691bae064e2d6dde0d2c9ad3f8b54e75a60e0a481,9,177500,4,1,232900,1/4,221300,373/270,0,44500,29000,73500,5400000,5576500,540000,0
27,regular,delayed_income,ipon,1a907f7f8345052faa0a553691bae064e2d6dde0d2c9ad3f8b54e75a60e0a481,9,187000,4,1,238700,1/4,203300,577/540,0,51500,19300,70800,5400000,5579200,277500,0
28,variable_amount,delayed_income,none,ede720e5837e3ff26246c5d2a71fc7d15e63b485d77860cb1a84cdfaa02d9a8e,20,411800,4,1,562200,1/4,124600,0,0,171200,0,171200,5411000,5489800,0,0
28,variable_amount,delayed_income,fixed_10pct,ede720e5837e3ff26246c5d2a71fc7d15e63b485d77860cb1a84cdfaa02d9a8e,19,360650,4,1,551990,1/4,214160,278/135,0,111930,87470,199400,5411000,5461600,541100,0
28,variable_amount,delayed_income,ipon,ede720e5837e3ff26246c5d2a71fc7d15e63b485d77860cb1a84cdfaa02d9a8e,19,365600,4,1,555400,1/4,209200,1291/540,0,82400,120400,202800,5411000,5458200,441500,0
29,variable_gap,delayed_income,none,a0fcb5e8408a2b4762c020cbdd381494fea42ed52d6c745d513b4a3ad11825ae,26,621000,2,2,0,1,150700,0,0,120800,0,120800,5280000,5409200,0,0
29,variable_gap,delayed_income,fixed_10pct,a0fcb5e8408a2b4762c020cbdd381494fea42ed52d6c745d513b4a3ad11825ae,25,541500,2,2,0,1,232500,8/9,0,75100,48000,123100,5280000,5406900,528000,0
29,variable_gap,delayed_income,ipon,a0fcb5e8408a2b4762c020cbdd381494fea42ed52d6c745d513b4a3ad11825ae,24,548500,2,2,0,1,223200,37/54,0,90300,30500,120800,5280000,5409200,574000,0
30,regular,delayed_income,none,e416ca28c15784e75ec558dd1bab7c0d48c9df70931ca32907cfda4188684753,6,138800,0,0,0,,53500,0,0,61500,0,61500,5400000,5588500,0,0
30,regular,delayed_income,fixed_10pct,e416ca28c15784e75ec558dd1bab7c0d48c9df70931ca32907cfda4188684753,0,0,0,0,0,,226600,398/135,0,49500,46300,95800,5400000,5554200,540000,0
30,regular,delayed_income,ipon,e416ca28c15784e75ec558dd1bab7c0d48c9df70931ca32907cfda4188684753,1,18700,0,0,0,,186200,583/270,0,56500,17600,74100,5400000,5575900,258500,0
31,variable_amount,delayed_income,none,6efb8d2f9d9f8fdf1ecffec31d8ae851a33c664fcc09972ef3eb1f5aa67ccce9,15,243300,3,1,351700,1/3,99500,0,0,34800,0,34800,5427300,5642500,0,0
31,variable_amount,delayed_income,fixed_10pct,6efb8d2f9d9f8fdf1ecffec31d8ae851a33c664fcc09972ef3eb1f5aa67ccce9,12,196580,3,1,312070,1/3,185850,1793/900,0,25310,9490,34800,5427300,5642500,542730,0
31,variable_amount,delayed_income,ipon,6efb8d2f9d9f8fdf1ecffec31d8ae851a33c664fcc09972ef3eb1f5aa67ccce9,11,193500,3,1,302100,1/3,198900,43/18,0,34800,0,34800,5427300,5642500,463000,0
32,variable_gap,delayed_income,none,4776775a6f453ab92b1914b35314be8e16dd885601d1c16bd35c70e58b5a783e,5,125000,3,1,212100,1/3,56800,379/270,0,58200,0,58200,5640000,5831800,0,0
32,variable_gap,delayed_income,fixed_10pct,4776775a6f453ab92b1914b35314be8e16dd885601d1c16bd35c70e58b5a783e,5,125000,3,1,132400,1/3,136500,577/135,0,46200,12000,58200,5640000,5831800,564000,0
32,variable_gap,delayed_income,ipon,4776775a6f453ab92b1914b35314be8e16dd885601d1c16bd35c70e58b5a783e,5,125000,3,1,120000,1/3,148900,47/9,7,53200,5000,58200,5640000,5831800,537000,0
33,regular,delayed_income,none,4dc8ca11957df23d43c628573fb3bedf95552eb16ff933daf16f6ccc08caf8b6,10,207500,3,0,395300,0,102200,0,0,66400,0,66400,5400000,5583600,0,0
33,regular,delayed_income,fixed_10pct,4dc8ca11957df23d43c628573fb3bedf95552eb16ff933daf16f6ccc08caf8b6,8,168100,3,0,325400,0,227400,157/135,0,48800,33500,82300,5400000,5567700,540000,0
33,regular,delayed_income,ipon,4dc8ca11957df23d43c628573fb3bedf95552eb16ff933daf16f6ccc08caf8b6,9,186600,3,0,337700,0,189900,11/15,0,55800,19800,75600,5400000,5574400,271500,0
34,variable_amount,delayed_income,none,7f29821b7cb739a0b3cf86a113c35521b3a10e144e09ab00f68f29eef6e757a5,9,202800,1,0,285500,0,85000,0,0,105700,0,105700,5323900,5468200,0,0
34,variable_amount,delayed_income,fixed_10pct,7f29821b7cb739a0b3cf86a113c35521b3a10e144e09ab00f68f29eef6e757a5,8,136840,1,0,285500,0,150960,3251/1350,0,89280,16420,105700,5323900,5468200,532390,0
34,variable_amount,delayed_income,ipon,7f29821b7cb739a0b3cf86a113c35521b3a10e144e09ab00f68f29eef6e757a5,7,122000,1,0,285500,0,165800,391/135,0,78700,27000,105700,5323900,5468200,448500,0
35,variable_gap,delayed_income,none,8fefa479a1789303400cf40fa16ffa9bd64566b7123c8c76c880ca717b10faf0,17,434700,4,1,294900,1/4,151600,0,0,96000,0,96000,5280000,5434000,0,0
35,variable_gap,delayed_income,fixed_10pct,8fefa479a1789303400cf40fa16ffa9bd64566b7123c8c76c880ca717b10faf0,17,389000,4,1,284500,1/4,249500,41/30,0,64600,73200,137800,5280000,5392200,528000,0
35,variable_gap,delayed_income,ipon,8fefa479a1789303400cf40fa16ffa9bd64566b7123c8c76c880ca717b10faf0,17,417500,4,1,289600,1/4,218600,26/15,0,64600,75900,140500,5280000,5389500,448500,0
36,regular,delayed_income,none,e9d0b4d8528f14bb84d1a2f3ef92d55d741a26354a7f1695e26eab0c9bdbc747,11,251400,4,1,638700,1/4,83400,0,0,62800,0,62800,5400000,5587200,0,0
36,regular,delayed_income,fixed_10pct,e9d0b4d8528f14bb84d1a2f3ef92d55d741a26354a7f1695e26eab0c9bdbc747,9,169400,4,1,620000,1/4,200800,41/45,0,47800,31700,79500,5400000,5570500,540000,0
36,regular,delayed_income,ipon,e9d0b4d8528f14bb84d1a2f3ef92d55d741a26354a7f1695e26eab0c9bdbc747,9,181000,4,1,624800,1/4,176500,19/30,0,54800,16800,71600,5400000,5578400,281500,0
37,variable_amount,delayed_income,none,35e15d4261baf4c8f379e854d5a3920fc3ae627a517e3d5f1cf606af83fcf375,14,320200,3,0,429600,0,96100,0,0,58500,0,58500,5375700,5567200,0,0
37,variable_amount,delayed_income,fixed_10pct,35e15d4261baf4c8f379e854d5a3920fc3ae627a517e3d5f1cf606af83fcf375,11,261040,3,1,410100,1/3,174760,134/75,0,34700,23800,58500,5375700,5567200,537570,0
37,variable_amount,delayed_income,ipon,35e15d4261baf4c8f379e854d5a3920fc3ae627a517e3d5f1cf606af83fcf375,11,275100,3,1,398500,1/3,172300,19/9,0,48500,10000,58500,5375700,5567200,484000,0
38,variable_gap,delayed_income,none,233cffce0a62f503747b37487a4916e58daec0067d1aaae0cf905b054d0e8ccc,24,575900,4,3,8600,3/4,147900,0,0,94400,0,94400,5400000,5555600,0,0
38,variable_gap,delayed_income,fixed_10pct,233cffce0a62f503747b37487a4916e58daec0067d1aaae0cf905b054d0e8ccc,23,517000,4,3,3000,3/4,212400,34/45,0,34400,60000,94400,5400000,5555600,540000,0
38,variable_gap,delayed_income,ipon,233cffce0a62f503747b37487a4916e58daec0067d1aaae0cf905b054d0e8ccc,23,520500,4,3,6600,3/4,211500,37/108,0,23100,77500,100600,5400000,5549400,444500,0
39,regular,delayed_income,none,b963ebe4a001aef6abd4d1ad23ab5434f61be8025b14a97ab585fda301fe769b,17,359400,6,2,520700,1/3,133900,0,0,61200,0,61200,5400000,5588800,0,0
39,regular,delayed_income,fixed_10pct,b963ebe4a001aef6abd4d1ad23ab5434f61be8025b14a97ab585fda301fe769b,12,272600,6,2,469000,1/3,272400,209/270,0,49200,12000,61200,5400000,5588800,540000,0
39,regular,delayed_income,ipon,b963ebe4a001aef6abd4d1ad23ab5434f61be8025b14a97ab585fda301fe769b,15,310000,6,2,477900,1/3,226100,7/18,0,56200,5000,61200,5400000,5588800,200000,0
40,variable_amount,delayed_income,none,5cdd38de490e696f346f21f9efb0cb8d83f7c0907d052562161e950c342046de,25,419100,2,0,228700,0,133700,0,0,137400,0,137400,5218500,5331100,0,0
40,variable_amount,delayed_income,fixed_10pct,5cdd38de490e696f346f21f9efb0cb8d83f7c0907d052562161e950c342046de,20,363770,2,0,226800,0,195130,1013/900,0,95570,46030,141600,5218500,5326900,521850,0
40,variable_amount,delayed_income,ipon,5cdd38de490e696f346f21f9efb0cb8d83f7c0907d052562161e950c342046de,22,379400,2,0,228700,0,177600,22/27,7,81000,60600,141600,5218500,5326900,375500,0
41,variable_gap,delayed_income,none,7d0a5a36a6bd9f2805ca94726285171c6cd87f01f2d5a8dc9b0d826123416e17,29,749000,5,0,623100,0,201200,0,0,0,0,0,5040000,5290000,0,0
41,variable_gap,delayed_income,fixed_10pct,7d0a5a36a6bd9f2805ca94726285171c6cd87f01f2d5a8dc9b0d826123416e17,29,672100,5,0,608800,0,292400,217/270,0,0,0,0,5040000,5290000,504000,0
41,variable_gap,delayed_income,ipon,7d0a5a36a6bd9f2805ca94726285171c6cd87f01f2d5a8dc9b0d826123416e17,29,711800,5,0,598700,0,262800,59/135,0,0,0,0,5040000,5290000,345000,0
42,regular,delayed_income,none,966a7c899e331c1d7862cd47242aee899c167e19f51447eae3d2f90f0af189c5,9,168800,2,1,46900,1/2,72500,0,0,67200,0,67200,5400000,5582800,0,0
42,regular,delayed_income,fixed_10pct,966a7c899e331c1d7862cd47242aee899c167e19f51447eae3d2f90f0af189c5,4,71600,2,1,5000,1/2,228600,989/540,0,49200,35000,84200,5400000,5565800,540000,0
42,regular,delayed_income,ipon,966a7c899e331c1d7862cd47242aee899c167e19f51447eae3d2f90f0af189c5,6,100400,2,1,34600,1/2,162700,31/27,0,56200,20500,76700,5400000,5573300,274000,0
43,variable_amount,delayed_income,none,d9faf089805bb683872b8b9135e63d128a23965015e7d3329fe3586f6e8096c9,10,178400,3,2,75900,2/3,77800,0,0,50900,0,50900,5510900,5710000,0,0
43,variable_amount,delayed_income,fixed_10pct,d9faf089805bb683872b8b9135e63d128a23965015e7d3329fe3586f6e8096c9,8,135840,3,2,46100,2/3,158860,211/75,0,39890,19710,59600,5510900,5701300,551090,0
43,variable_amount,delayed_income,ipon,d9faf089805bb683872b8b9135e63d128a23965015e7d3329fe3586f6e8096c9,8,137600,3,2,50300,2/3,165400,1691/540,0,50900,21200,72100,5510900,5688800,510500,0
44,variable_gap,delayed_income,none,9487cf8db82fbfe20b1796a2629148bb2471ea3cbaa05bd20ad2b7077a135397,11,272800,0,0,0,,54500,0,0,208400,0,208400,5400000,5441600,0,0
44,variable_gap,delayed_income,fixed_10pct,9487cf8db82fbfe20b1796a2629148bb2471ea3cbaa05bd20ad2b7077a135397,10,186400,0,0,0,,159100,173/90,0,94200,132400,226600,5400000,5423400,540000,0
44,variable_gap,delayed_income,ipon,9487cf8db82fbfe20b1796a2629148bb2471ea3cbaa05bd20ad2b7077a135397,10,218400,0,0,0,,126100,314/135,0,96200,129400,225600,5400000,5424400,432500,0
45,regular,delayed_income,none,98741ead099b33161cc7502bb53d718f39c56ca7038c395cc8a3077c914d2c6a,20,413700,3,0,239300,0,156800,0,0,60300,0,60300,5400000,5589700,0,0
45,regular,delayed_income,fixed_10pct,98741ead099b33161cc7502bb53d718f39c56ca7038c395cc8a3077c914d2c6a,17,301300,3,0,231100,0,294400,83/108,0,48300,29000,77300,5400000,5572700,540000,0
45,regular,delayed_income,ipon,98741ead099b33161cc7502bb53d718f39c56ca7038c395cc8a3077c914d2c6a,18,333200,3,0,233700,0,258900,64/135,0,55300,21000,76300,5400000,5573700,229000,0
46,variable_amount,delayed_income,none,acd8b3d2fc9c7de55c6daf6184c6dc9ec763a09e7cb6d711bb8e4199aa0a1fd8,19,318000,2,2,0,1,108400,0,0,154700,0,154700,5463100,5558400,0,0
46,variable_amount,delayed_income,fixed_10pct,acd8b3d2fc9c7de55c6daf6184c6dc9ec763a09e7cb6d711bb8e4199aa0a1fd8,17,252100,2,2,0,1,174300,2369/1800,0,109390,45310,154700,5463100,5558400,546310,0
46,variable_amount,delayed_income,ipon,acd8b3d2fc9c7de55c6daf6184c6dc9ec763a09e7cb6d711bb8e4199aa0a1fd8,17,248800,2,2,0,1,177600,97/54,0,78700,76000,154700,5463100,5558400,490000,0
47,variable_gap,delayed_income,none,8d7667efc9fb1fa3b02db4537588efde549b37bc21fd8970dfc6638e7cab0384,5,100700,1,1,0,1,38700,0,0,60900,0,60900,5520000,5709100,0,0
47,variable_gap,delayed_income,fixed_10pct,8d7667efc9fb1fa3b02db4537588efde549b37bc21fd8970dfc6638e7cab0384,2,41400,1,1,0,1,162000,1607/270,7,48900,76000,124900,5520000,5645100,552000,0
47,variable_gap,delayed_income,ipon,8d7667efc9fb1fa3b02db4537588efde549b37bc21fd8970dfc6638e7cab0384,3,50000,1,1,0,1,121700,97/15,7,55900,37300,93200,5520000,5676800,367000,0
48,regular,delayed_income,none,ff20e1c0a1a8d879731640656a24bcab43f3e1028ac427a17856db76247ae6d4,12,259000,2,0,57400,0,76300,0,0,76900,0,76900,5400000,5573100,0,0
48,regular,delayed_income,fixed_10pct,ff20e1c0a1a8d879731640656a24bcab43f3e1028ac427a17856db76247ae6d4,6,143800,2,1,38700,1/2,231400,74/27,0,51200,46900,98100,5400000,5551900,540000,0
48,regular,delayed_income,ipon,ff20e1c0a1a8d879731640656a24bcab43f3e1028ac427a17856db76247ae6d4,7,161800,2,1,40500,1/2,199400,691/270,0,60200,25700,85900,5400000,5564100,270000,0
49,variable_amount,delayed_income,none,ce3d7907c5facfff21021829a55d1473de2fedc62ff429397fd3df13d1f7141f,19,340300,3,1,409800,1/3,110400,0,0,133200,0,133200,5319500,5436300,0,0
49,variable_amount,delayed_income,fixed_10pct,ce3d7907c5facfff21021829a55d1473de2fedc62ff429397fd3df13d1f7141f,18,291000,3,1,408300,1/3,205940,10841/5400,0,59500,118440,177940,5319500,5391560,531950,0
49,variable_amount,delayed_income,ipon,ce3d7907c5facfff21021829a55d1473de2fedc62ff429397fd3df13d1f7141f,18,291200,3,1,408300,1/3,202100,27/10,0,57600,116700,174300,5319500,5395200,471000,0
50,variable_gap,delayed_income,none,1179ace7136cc0f2da3dbd7cce0d01150fda269b86f4a90985205890e6f21911,6,118200,3,3,0,1,31400,50/27,0,33600,0,33600,5760000,5976400,0,0
50,variable_gap,delayed_income,fixed_10pct,1179ace7136cc0f2da3dbd7cce0d01150fda269b86f4a90985205890e6f21911,3,38000,3,3,0,1,111600,260/27,14,21600,12000,33600,5760000,5976400,576000,0
50,variable_gap,delayed_income,ipon,1179ace7136cc0f2da3dbd7cce0d01150fda269b86f4a90985205890e6f21911,4,62800,3,3,0,1,86800,217/18,7,28600,5000,33600,5760000,5976400,416000,0
51,regular,delayed_income,none,7e06c738dd8a5e70c629dbdad77a214530827eca547ddd4a188299b769ebc34e,13,285700,1,0,117200,0,75700,0,0,63800,0,63800,5400000,5586200,0,0
51,regular,delayed_income,fixed_10pct,7e06c738dd8a5e70c629dbdad77a214530827eca547ddd4a188299b769ebc34e,7,139900,1,0,117200,0,233200,101/90,0,50500,25000,75500,5400000,5574500,540000,0
51,regular,delayed_income,ipon,7e06c738dd8a5e70c629dbdad77a214530827eca547ddd4a188299b769ebc34e,10,186000,1,0,110200,0,191000,88/135,0,57500,14900,72400,5400000,5577600,260500,0
52,variable_amount,delayed_income,none,78ee1a5e95da91c90134cb9ac1dd041cd0b7f85e4e8f7b850fc5b9d06b0d3bf6,29,538500,3,1,487900,1/3,154000,0,0,16900,0,16900,5062700,5295800,0,0
52,variable_amount,delayed_income,fixed_10pct,78ee1a5e95da91c90134cb9ac1dd041cd0b7f85e4e8f7b850fc5b9d06b0d3bf6,27,476580,3,1,487900,1/3,215920,1171/1350,0,9070,7830,16900,5062700,5295800,506270,0
52,variable_amount,delayed_income,ipon,78ee1a5e95da91c90134cb9ac1dd041cd0b7f85e4e8f7b850fc5b9d06b0d3bf6,27,483600,3,1,487900,1/3,208900,37/54,7,16900,0,16900,5062700,5295800,377000,0
53,variable_gap,delayed_income,none,a26aaa0d52fef0c227e99cdceb0ce6fc0998927187f5b682b02da08eb3156f8f,17,360900,5,3,160200,3/5,117400,0,0,275200,0,275200,5880000,5854800,0,0
53,variable_gap,delayed_income,fixed_10pct,a26aaa0d52fef0c227e99cdceb0ce6fc0998927187f5b682b02da08eb3156f8f,16,315200,5,3,132200,3/5,191100,202/135,0,155200,120000,275200,5880000,5854800,588000,0
53,variable_gap,delayed_income,ipon,a26aaa0d52fef0c227e99cdceb0ce6fc0998927187f5b682b02da08eb3156f8f,16,338100,5,3,136600,3/5,163800,16/9,0,100200,175000,275200,5880000,5854800,625500,0
54,regular,delayed_income,none,589f925bb2d453bf2388d89115cdee487b12967607efbf2c38353b3c8e34da18,20,426500,5,2,265900,2/5,139800,0,0,54400,0,54400,5400000,5595600,0,0
54,regular,delayed_income,fixed_10pct,589f925bb2d453bf2388d89115cdee487b12967607efbf2c38353b3c8e34da18,15,301100,5,2,234700,2/5,296400,112/135,0,42400,12000,54400,5400000,5595600,540000,0
54,regular,delayed_income,ipon,589f925bb2d453bf2388d89115cdee487b12967607efbf2c38353b3c8e34da18,16,352300,5,2,242500,2/5,237400,131/270,0,49400,5000,54400,5400000,5595600,251500,0
55,variable_amount,delayed_income,none,7704597cfb7bcb9b0fd3e1e98d9a882bb35b897d0d9e5ade4de6a75a9f9cb0b9,20,311000,1,1,0,1,110100,0,0,112600,0,112600,5296100,5433500,0,0
55,variable_amount,delayed_income,fixed_10pct,7704597cfb7bcb9b0fd3e1e98d9a882bb35b897d0d9e5ade4de6a75a9f9cb0b9,14,205400,1,1,0,1,221300,2171/1800,0,79270,38930,118200,5296100,5427900,529610,0
55,variable_amount,delayed_income,ipon,7704597cfb7bcb9b0fd3e1e98d9a882bb35b897d0d9e5ade4de6a75a9f9cb0b9,14,223600,1,1,0,1,198900,337/270,0,71500,42500,114000,5296100,5432100,433500,0
56,variable_gap,delayed_income,none,b33bbfe82b32348ab376c4572379690d3d3094410b5b35ac983cc0afdd95ba3a,16,333600,3,1,323900,1/3,99000,0,0,151200,0,151200,5400000,5498800,0,0
56,variable_gap,delayed_income,fixed_10pct,b33bbfe82b32348ab376c4572379690d3d3094410b5b35ac983cc0afdd95ba3a,14,279400,3,1,323900,1/3,168400,16/9,0,77100,89300,166400,5400000,5483600,540000,0
56,variable_gap,delayed_income,ipon,b33bbfe82b32348ab376c4572379690d3d3094410b5b35ac983cc0afdd95ba3a,14,292000,3,1,323900,1/3,168000,107/54,7,84100,94500,178600,5400000,5471400,488000,0
57,regular,delayed_income,none,156d6ada5e678c1daa1ec9a27c0c84938ac1c6d36b11a844f2f2f090a9e0539b,14,315100,3,1,434800,1/3,123600,0,0,65000,0,65000,5400000,5585000,0,0
57,regular,delayed_income,fixed_10pct,156d6ada5e678c1daa1ec9a27c0c84938ac1c6d36b11a844f2f2f090a9e0539b,12,211400,3,1,422700,1/3,254800,103/90,0,50300,30100,80400,5400000,5569600,540000,0
57,regular,delayed_income,ipon,156d6ada5e678c1daa1ec9a27c0c84938ac1c6d36b11a844f2f2f090a9e0539b,11,229800,3,1,432000,1/3,221900,98/135,0,57300,17900,75200,5400000,5574800,272500,0
58,variable_amount,delayed_income,none,7550c5585b6272b5ec268f6b7b18512b6f306c36f4cdeaee1989e183602e0670,16,352500,3,0,419700,0,105600,0,0,110700,0,110700,5404100,5543400,0,0
58,variable_amount,delayed_income,fixed_10pct,7550c5585b6272b5ec268f6b7b18512b6f306c36f4cdeaee1989e183602e0670,14,327520,3,1,361610,1/3,188880,107/50,0,44880,66030,110910,5404100,5543190,540410,0
58,variable_amount,delayed_income,ipon,7550c5585b6272b5ec268f6b7b18512b6f306c36f4cdeaee1989e183602e0670,14,326600,3,1,372300,1/3,183600,22/9,0,51500,63900,115400,5404100,5538700,478500,0
59,variable_gap,delayed_income,none,d09932fd8dc2d6d2ee0245e55aa39ee3f47bdd419f8c77f797d9a08b34d495c4,24,515300,2,0,353100,0,144100,0,0,91400,0,91400,5040000,5198600,0,0
59,variable_gap,delayed_income,fixed_10pct,d09932fd8dc2d6d2ee0245e55aa39ee3f47bdd419f8c77f797d9a08b34d495c4,22,439000,2,0,350800,0,222700,43/30,0,55400,36000,91400,5040000,5198600,504000,0
59,variable_gap,delayed_income,ipon,d09932fd8dc2d6d2ee0245e55aa39ee3f47bdd419f8c77f797d9a08b34d495c4,22,466400,2,0,353100,0,193000,563/540,0,61400,30000,91400,5040000,5198600,287500,0
60,regular,delayed_income,none,9ce816d24d2202b79b8860c6b6de23dc809e2fd746f3350c1074627016fa23ca,6,102800,0,0,0,,46300,0,0,67100,0,67100,5400000,5582900,0,0
60,regular,delayed_income,fixed_10pct,9ce816d24d2202b79b8860c6b6de23dc809e2fd746f3350c1074627016fa23ca,0,0,0,0,0,,211800,98/27,0,45400,84400,129800,5400000,5520200,540000,0
60,regular,delayed_income,ipon,9ce816d24d2202b79b8860c6b6de23dc809e2fd746f3350c1074627016fa23ca,0,0,0,0,0,,165500,1589/540,0,53300,30200,83500,5400000,5566500,283500,0
61,variable_amount,delayed_income,none,5c95a004525cdd4473e1948a117ee6ba1be3e1756de1bd4acef1d1ead1f98613,8,113000,2,1,239800,1/2,59500,0,0,108300,0,108300,5562900,5704600,0,0
61,variable_amount,delayed_income,fixed_10pct,5c95a004525cdd4473e1948a117ee6ba1be3e1756de1bd4acef1d1ead1f98613,6,74310,2,1,182540,1/2,155450,2086/675,7,91430,16870,108300,5562900,5704600,556290,0
61,variable_amount,delayed_income,ipon,5c95a004525cdd4473e1948a117ee6ba1be3e1756de1bd4acef1d1ead1f98613,6,79500,2,1,165000,1/2,167800,227/60,7,79300,29000,108300,5562900,5704600,540000,0
62,variable_gap,delayed_income,none,26110dcd15dde126dda8fdc26207114cfec67363c32c71c4b0d3f5ca4351557d,9,186600,1,1,0,1,73200,0,0,150600,0,150600,5520000,5619400,0,0
62,variable_gap,delayed_income,fixed_10pct,26110dcd15dde126dda8fdc26207114cfec67363c32c71c4b0d3f5ca4351557d,6,107000,1,1,0,1,168200,62/27,7,0,166000,166000,5520000,5604000,552000,0
62,variable_gap,delayed_income,ipon,26110dcd15dde126dda8fdc26207114cfec67363c32c71c4b0d3f5ca4351557d,6,120000,1,1,0,1,174000,379/135,7,0,184800,184800,5520000,5585200,580000,0
63,regular,delayed_income,none,8a5444ac781c9c11244d5e7d2d3ee0b4681e370bf19536445941bebb175a4c7d,10,240000,4,0,760700,0,88500,0,0,71600,0,71600,5400000,5578400,0,0
63,regular,delayed_income,fixed_10pct,8a5444ac781c9c11244d5e7d2d3ee0b4681e370bf19536445941bebb175a4c7d,7,163000,4,0,705900,0,234500,13/9,0,50800,35000,85800,5400000,5564200,540000,0
63,regular,delayed_income,ipon,8a5444ac781c9c11244d5e7d2d3ee0b4681e370bf19536445941bebb175a4c7d,8,184200,4,0,712600,0,200600,79/90,0,57800,22000,79800,5400000,5570200,277000,0
64,variable_amount,delayed_income,none,03164cfe085a081fdba308bd9d384ecfc678c37a3cb7e95c27475f0c61610b8e,11,208200,1,1,0,1,93200,0,0,73600,0,73600,5340700,5517100,0,0
64,variable_amount,delayed_income,fixed_10pct,03164cfe085a081fdba308bd9d384ecfc678c37a3cb7e95c27475f0c61610b8e,9,133540,1,1,0,1,174560,338/225,0,31650,48650,80300,5340700,5510400,534070,0
64,variable_amount,delayed_income,ipon,03164cfe085a081fdba308bd9d384ecfc678c37a3cb7e95c27475f0c61610b8e,8,149800,1,1,0,1,158300,49/30,0,41800,38500,80300,5340700,5510400,434000,0
65,variable_gap,delayed_income,none,d390cf5b539f2728aac9e2c179790d69cff11b8aac8432ca46d7bf395314b608,11,236200,3,1,129400,1/3,63400,0,0,93300,0,93300,5760000,5916700,0,0
65,variable_gap,delayed_income,fixed_10pct,d390cf5b539f2728aac9e2c179790d69cff11b8aac8432ca46d7bf395314b608,9,181000,3,1,79400,1/3,172300,589/270,0,79600,17400,97000,5760000,5913000,576000,0
65,variable_gap,delayed_income,ipon,d390cf5b539f2728aac9e2c179790d69cff11b8aac8432ca46d7bf395314b608,9,204900,3,1,59100,1/3,168300,629/270,0,86600,10000,96600,5760000,5913400,674000,0
66,regular,delayed_income,none,aebcd3806cf39798257ac4de54c441567ba00c0b28443d5bdd1bd28172a28037,22,467400,5,1,814300,1/5,138200,0,0,65000,0,65000,5400000,5585000,0,0
66,regular,delayed_income,fixed_10pct,aebcd3806cf39798257ac4de54c441567ba00c0b28443d5bdd1bd28172a28037,17,361800,5,1,797300,1/5,288500,19/30,0,48400,44300,92700,5400000,5557300,540000,0
66,regular,delayed_income,ipon,aebcd3806cf39798257ac4de54c441567ba00c0b28443d5bdd1bd28172a28037,18,410100,5,1,800300,1/5,224900,10/27,0,55400,25000,80400,5400000,5569600,218500,0
67,variable_amount,delayed_income,none,4e304103990d91184d8d2b242ca3ac088b15d2f5964f17b38532185db8a42bc1,13,309300,2,1,214500,1/2,85700,0,0,96300,0,96300,5366300,5520000,0,0
67,variable_amount,delayed_income,fixed_10pct,4e304103990d91184d8d2b242ca3ac088b15d2f5964f17b38532185db8a42bc1,11,226270,2,1,214500,1/2,187450,4433/2700,0,64970,50050,115020,5366300,5501280,536630,0
67,variable_amount,delayed_income,ipon,4e304103990d91184d8d2b242ca3ac088b15d2f5964f17b38532185db8a42bc1,11,238200,2,1,214500,1/2,173400,23/12,0,64000,48900,112900,5366300,5503400,437000,0
68,variable_gap,delayed_income,none,5b854d51a5d30759703de2e861d2ec42717fab238796d929359238df2bd604f2,13,276600,3,1,413600,1/3,79500,50/27,0,61800,0,61800,5400000,5588200,0,0
68,variable_gap,delayed_income,fixed_10pct,5b854d51a5d30759703de2e861d2ec42717fab238796d929359238df2bd604f2,12,229400,3,1,361200,1/3,179100,98/27,7,49800,12000,61800,5400000,5588200,540000,0
68,variable_gap,delayed_income,ipon,5b854d51a5d30759703de2e861d2ec42717fab238796d929359238df2bd604f2,12,238100,3,1,365900,1/3,165700,2027/540,0,56800,5000,61800,5400000,5588200,420000,0
69,regular,delayed_income,none,a692dafd9816444fed1d5734c754f5dafae317a395b50b4dbd4f3ec3523b425d,16,360000,5,1,570400,1/5,128600,0,0,66500,0,66500,5400000,5583500,0,0
69,regular,delayed_income,fixed_10pct,a692dafd9816444fed1d5734c754f5dafae317a395b50b4dbd4f3ec3523b425d,14,280500,5,1,530700,1/5,264400,77/90,0,48000,35100,83100,5400000,5566900,540000,0
69,regular,delayed_income,ipon,a692dafd9816444fed1d5734c754f5dafae317a395b50b4dbd4f3ec3523b425d,15,301400,5,1,541300,1/5,227200,5/9,0,55000,22400,77400,5400000,5572600,274500,0
70,variable_amount,delayed_income,none,20c8949c5dc1f3845323bfa23d0f7794f8a96ed778f5ef1b8bd644db2b54cb51,24,404700,2,0,186700,0,145700,0,0,56500,0,56500,5074700,5268200,0,0
70,variable_amount,delayed_income,fixed_10pct,20c8949c5dc1f3845323bfa23d0f7794f8a96ed778f5ef1b8bd644db2b54cb51,19,352900,2,0,156610,0,240030,4603/5400,0,28310,40630,68940,5074700,5255760,507470,0
70,variable_amount,delayed_income,ipon,20c8949c5dc1f3845323bfa23d0f7794f8a96ed778f5ef1b8bd644db2b54cb51,19,354600,2,0,164800,0,222900,5/6,0,39200,22500,61700,5074700,5263000,337500,0
71,variable_gap,delayed_income,none,bae694f59d3222029cb56affcc73b950f3259aa37a1d58fded5090c548bd9979,28,712400,5,2,283300,2/5,189200,0,0,146200,0,146200,5160000,5263800,0,0
71,variable_gap,delayed_income,fixed_10pct,bae694f59d3222029cb56affcc73b950f3259aa37a1d58fded5090c548bd9979,28,629100,5,2,270600,2/5,285200,8/9,0,122200,24000,146200,5160000,5263800,516000,0
71,variable_gap,delayed_income,ipon,bae694f59d3222029cb56affcc73b950f3259aa37a1d58fded5090c548bd9979,27,664400,5,2,270200,2/5,250300,5/27,0,126700,19500,146200,5160000,5263800,243500,0
72,regular,delayed_income,none,2585ef2dec31319f01c53658279e9c00faaa802c7e081677818d5a9caadc7d6e,10,223700,2,1,200600,1/2,79600,0,0,72700,0,72700,5400000,5577300,0,0
72,regular,delayed_income,fixed_10pct,2585ef2dec31319f01c53658279e9c00faaa802c7e081677818d5a9caadc7d6e,6,120000,2,1,198600,1/2,201700,103/90,0,45600,43500,89100,5400000,5560900,540000,0
72,regular,delayed_income,ipon,2585ef2dec31319f01c53658279e9c00faaa802c7e081677818d5a9caadc7d6e,9,160300,2,1,200600,1/2,147900,193/270,0,52600,25000,77600,5400000,5572400,277000,0
73,variable_amount,delayed_income,none,7d9d3a5405f8c35d0d070c7c28c04ff55b078052b6d7f3f0e79c2e9340a26a99,22,510100,3,1,256900,1/3,122400,0,0,78200,0,78200,5452500,5624300,0,0
73,variable_amount,delayed_income,fixed_10pct,7d9d3a5405f8c35d0d070c7c28c04ff55b078052b6d7f3f0e79c2e9340a26a99,22,453150,3,1,213510,1/3,222740,3377/2700,0,64700,13500,78200,5452500,5624300,545250,0
73,variable_amount,delayed_income,ipon,7d9d3a5405f8c35d0d070c7c28c04ff55b078052b6d7f3f0e79c2e9340a26a99,22,472900,3,1,220600,1/3,195900,55/54,0,65700,12500,78200,5452500,5624300,469000,0
74,variable_gap,delayed_income,none,b38dd36eabf0249f4071a5d42b0251c5ea1a5788db265cadc57477c00633c0bc,22,525500,9,1,1072100,1/9,150600,0,0,0,0,0,5400000,5650000,0,0
74,variable_gap,delayed_income,fixed_10pct,b38dd36eabf0249f4071a5d42b0251c5ea1a5788db265cadc57477c00633c0bc,22,464900,9,1,1044600,1/9,238700,197/270,0,0,0,0,5400000,5650000,540000,0
74,variable_gap,delayed_income,ipon,b38dd36eabf0249f4071a5d42b0251c5ea1a5788db265cadc57477c00633c0bc,22,491900,9,1,1031400,1/9,224900,4/15,0,0,0,0,5400000,5650000,498000,0
75,regular,delayed_income,none,6d19aac783e8b7184e44da689602dde8e0f8f5053cf513811ffd327cbd8f4cdc,23,531200,4,0,680800,0,128100,0,0,64000,0,64000,5400000,5586000,0,0
75,regular,delayed_income,fixed_10pct,6d19aac783e8b7184e44da689602dde8e0f8f5053cf513811ffd327cbd8f4cdc,20,423100,4,0,655100,0,269500,20/27,0,50700,20900,71600,5400000,5578400,540000,0
75,regular,delayed_income,ipon,6d19aac783e8b7184e44da689602dde8e0f8f5053cf513811ffd327cbd8f4cdc,20,469500,4,0,661200,0,214600,10/27,0,57700,11500,69200,5400000,5580800,244000,0
76,variable_amount,delayed_income,none,5eda2c53d9887c43c56ac7eed1729842bf0a5832805de5289a6ba3591aeb11ce,20,409000,3,1,45600,1/3,108400,0,0,0,0,0,5555400,5805400,0,0
76,variable_amount,delayed_income,fixed_10pct,5eda2c53d9887c43c56ac7eed1729842bf0a5832805de5289a6ba3591aeb11ce,17,345580,3,1,27850,1/3,189570,796/675,0,0,0,0,5555400,5805400,555540,0
76,variable_amount,delayed_income,ipon,5eda2c53d9887c43c56ac7eed1729842bf0a5832805de5289a6ba3591aeb11ce,17,358500,3,1,20700,1/3,183800,29/18,7,0,0,0,5555400,5805400,564500,0
77,variable_gap,delayed_income,none,784a67cb676d119f300138d32ca4f4e2ddc15bbd823dfbce366b61c22ae0d975,24,564500,4,2,501100,1/2,176700,0,0,184100,0,184100,5280000,5345900,0,0
77,variable_gap,delayed_income,fixed_10pct,784a67cb676d119f300138d32ca4f4e2ddc15bbd823dfbce366b61c22ae0d975,24,498700,4,2,490400,1/2,262800,49/90,0,78500,115200,193700,5280000,5336300,528000,0
77,variable_gap,delayed_income,ipon,784a67cb676d119f300138d32ca4f4e2ddc15bbd823dfbce366b61c22ae0d975,24,544000,4,2,491300,1/2,223300,11/90,0,91400,109000,200400,5280000,5329600,293000,0
78,regular,delayed_income,none,09b99613da02341ba37285a564653f1dc4c31e10298dfa302515cc4a171068a4,18,447800,6,2,325600,1/3,123000,0,0,60400,0,60400,5400000,5589600,0,0
78,regular,delayed_income,fixed_10pct,09b99613da02341ba37285a564653f1dc4c31e10298dfa302515cc4a171068a4,15,384200,6,2,271500,1/3,263400,8/9,0,48400,34700,83100,5400000,5566900,540000,0
78,regular,delayed_income,ipon,09b99613da02341ba37285a564653f1dc4c31e10298dfa302515cc4a171068a4,15,400700,6,2,301200,1/3,211200,23/45,0,55400,21700,77100,5400000,5572900,246500,0
79,variable_amount,delayed_income,none,0c3c8212ec8fd62b8c5f206831bd723bf40505b944e318b708ed5134ae370040,8,175200,1,0,121500,0,55800,107/90,0,68500,0,68500,5308700,5490200,0,0
79,variable_amount,delayed_income,fixed_10pct,0c3c8212ec8fd62b8c5f206831bd723bf40505b944e318b708ed5134ae370040,4,88180,1,0,121500,0,142820,3749/1350,0,55500,13000,68500,5308700,5490200,530870,0
79,variable_amount,delayed_income,ipon,0c3c8212ec8fd62b8c5f206831bd723bf40505b944e318b708ed5134ae370040,4,99000,1,0,121500,0,132000,133/45,0,58500,10000,68500,5308700,5490200,403000,0
80,variable_gap,delayed_income,none,e5c7da91f8148989d9cb562b27511cfc2fb5a381ac907eb0b51da54c1cb4b902,14,318000,4,1,117600,1/4,95900,0,0,170300,0,170300,5400000,5479700,0,0
80,variable_gap,delayed_income,fixed_10pct,e5c7da91f8148989d9cb562b27511cfc2fb5a381ac907eb0b51da54c1cb4b902,12,253900,4,1,117600,1/4,196200,23/10,0,78200,128300,206500,5400000,5443500,540000,0
80,variable_gap,delayed_income,ipon,e5c7da91f8148989d9cb562b27511cfc2fb5a381ac907eb0b51da54c1cb4b902,11,252800,4,1,117600,1/4,203200,352/135,0,85200,127200,212400,5400000,5437600,487000,0
81,regular,delayed_income,none,611dd6e1cb46044fac2156632748c8b8d89a25457b932c05aee081684e7cdc4e,15,298500,5,2,308600,2/5,100400,0,0,60600,0,60600,5400000,5589400,0,0
81,regular,delayed_income,fixed_10pct,611dd6e1cb46044fac2156632748c8b8d89a25457b932c05aee081684e7cdc4e,10,177800,5,2,289300,2/5,240400,619/540,0,48600,12000,60600,5400000,5589400,540000,0
81,regular,delayed_income,ipon,611dd6e1cb46044fac2156632748c8b8d89a25457b932c05aee081684e7cdc4e,10,196200,5,2,296200,2/5,215100,41/54,0,55600,5000,60600,5400000,5589400,268000,0
82,variable_amount,delayed_income,none,f4d0876c146e3db8e8718425cbaca860338b153975ae742e1404345b2c9cf9ba,21,401600,4,2,261600,1/2,137700,0,0,8100,0,8100,5456400,5698300,0,0
82,variable_amount,delayed_income,fixed_10pct,f4d0876c146e3db8e8718425cbaca860338b153975ae742e1404345b2c9cf9ba,19,316200,4,2,261600,1/2,223100,581/540,0,1600,6500,8100,5456400,5698300,545640,0
82,variable_amount,delayed_income,ipon,f4d0876c146e3db8e8718425cbaca860338b153975ae742e1404345b2c9cf9ba,20,345900,4,2,261600,1/2,193400,299/270,7,8100,0,8100,5456400,5698300,464500,0
83,variable_gap,delayed_income,none,b2b623419255936879e64ddfebf6998e1fc9765f89dc26b1349d6a198da8119f,40,1013800,2,1,146800,1/2,240100,0,0,60800,0,60800,4560000,4749200,0,0
83,variable_gap,delayed_income,fixed_10pct,b2b623419255936879e64ddfebf6998e1fc9765f89dc26b1349d6a198da8119f,39,921800,2,1,141100,1/2,337800,4/9,0,36800,24000,60800,4560000,4749200,456000,0
83,variable_gap,delayed_income,ipon,b2b623419255936879e64ddfebf6998e1fc9765f89dc26b1349d6a198da8119f,40,995100,2,1,141100,1/2,264500,0,0,53300,7500,60800,4560000,4749200,172000,0
84,regular,delayed_income,none,6d400e20f18419e0ce49615f8827bd6b3587a9760bd039c795670c686bbe9b98,9,165500,2,1,136800,1/2,62300,0,0,63700,0,63700,5400000,5586300,0,0
84,regular,delayed_income,fixed_10pct,6d400e20f18419e0ce49615f8827bd6b3587a9760bd039c795670c686bbe9b98,3,55600,2,1,112200,1/2,227800,547/270,0,51700,43000,94700,5400000,5555300,540000,0
84,regular,delayed_income,ipon,6d400e20f18419e0ce49615f8827bd6b3587a9760bd039c795670c686bbe9b98,6,97900,2,1,118100,1/2,162200,109/108,0,58700,18600,77300,5400000,5572700,273500,0
85,variable_amount,delayed_income,none,6dbc5e3df94a5dba05bbc1a88312c770f7facc1aacffd50d751cfe21a00156f8,18,309800,2,1,244900,1/2,123000,0,0,23700,0,23700,5361400,5587700,0,0
85,variable_amount,delayed_income,fixed_10pct,6dbc5e3df94a5dba05bbc1a88312c770f7facc1aacffd50d751cfe21a00156f8,16,236560,2,1,225700,1/2,215440,1493/1350,0,15090,8610,23700,5361400,5587700,536140,0
85,variable_amount,delayed_income,ipon,6dbc5e3df94a5dba05bbc1a88312c770f7facc1aacffd50d751cfe21a00156f8,16,238000,2,1,223400,1/2,216300,166/135,0,23700,0,23700,5361400,5587700,461500,0
86,variable_gap,delayed_income,none,5ef7e8b343b11e58118f01cf6a38a31b6147b4d1ff75f553bc3db403ccd1441d,12,267800,1,0,34700,0,68600,0,0,92700,0,92700,5520000,5677300,0,0
86,variable_gap,delayed_income,fixed_10pct,5ef7e8b343b11e58118f01cf6a38a31b6147b4d1ff75f553bc3db403ccd1441d,11,219400,1,0,6400,0,145300,173/90,0,56700,36000,92700,5520000,5677300,552000,0
86,variable_gap,delayed_income,ipon,5ef7e8b343b11e58118f01cf6a38a31b6147b4d1ff75f553bc3db403ccd1441d,10,215200,1,1,0,1,155900,13/6,7,41200,51500,92700,5520000,5677300,565500,0
87,regular,delayed_income,none,492183216662271733b21a1a66e7e987a8da3fe64de8fe343830ff650d26bae9,9,185400,2,0,278000,0,98800,0,0,60400,0,60400,5400000,5589600,0,0
87,regular,delayed_income,fixed_10pct,492183216662271733b21a1a66e7e987a8da3fe64de8fe343830ff650d26bae9,6,126600,2,0,207700,0,238200,128/45,0,48400,22300,70700,5400000,5579300,540000,0
87,regular,delayed_income,ipon,492183216662271733b21a1a66e7e987a8da3fe64de8fe343830ff650d26bae9,6,137000,2,0,219500,0,216000,362/135,0,55400,15300,70700,5400000,5579300,276500,0
88,variable_amount,delayed_income,none,e110b65765ea5c1ad55821751a243c0197d00c8bb191b9b63412d4fae9695526,20,376700,2,0,173500,0,108300,0,0,266800,0,266800,5579800,5563000,0,0
88,variable_amount,delayed_income,fixed_10pct,e110b65765ea5c1ad55821751a243c0197d00c8bb191b9b63412d4fae9695526,18,352510,2,0,173500,0,197810,769/300,0,143790,188330,332120,5579800,5497680,557980,0
88,variable_amount,delayed_income,ipon,e110b65765ea5c1ad55821751a243c0197d00c8bb191b9b63412d4fae9695526,19,364800,2,0,173500,0,178500,80/27,0,150500,174600,325100,5579800,5504700,460500,0
89,variable_gap,delayed_income,none,9e0b926268c3619cde609058df6a7b11b0870235b35b3ebcbfaa8af63785bbc7,33,776400,0,0,0,,197700,0,0,58600,0,58600,4560000,4751400,0,0
89,variable_gap,delayed_income,fixed_10pct,9e0b926268c3619cde609058df6a7b11b0870235b35b3ebcbfaa8af63785bbc7,33,685500,0,0,0,,298100,4/9,0,46600,21500,68100,4560000,4741900,456000,0
89,variable_gap,delayed_income,ipon,9e0b926268c3619cde609058df6a7b11b0870235b35b3ebcbfaa8af63785bbc7,33,746500,0,0,0,,237100,0,0,58600,9500,68100,4560000,4741900,171500,0
0,regular,missing_bill,none,d3869180baa3800137d1a5868c619c1cfc6ca6c8b76ae123118903365d95747a,14,265500,3,2,140500,2/3,110300,0,0,0,0,0,5400000,5650000,0,0
0,regular,missing_bill,fixed_10pct,d3869180baa3800137d1a5868c619c1cfc6ca6c8b76ae123118903365d95747a,9,141800,3,2,117700,2/3,270200,37/45,0,0,13400,13400,5400000,5636600,540000,0
0,regular,missing_bill,ipon,d3869180baa3800137d1a5868c619c1cfc6ca6c8b76ae123118903365d95747a,12,172800,3,2,126900,2/3,228300,5/9,0,0,11700,11700,5400000,5638300,250500,0
1,variable_amount,missing_bill,none,674ebd3a611503b5495a9752f9e2a29c2839bcebe6726a6cf391278bafdba3e9,31,671600,5,0,456500,0,173200,0,0,56000,0,56000,4928200,5122200,0,0
1,variable_amount,missing_bill,fixed_10pct,674ebd3a611503b5495a9752f9e2a29c2839bcebe6726a6cf391278bafdba3e9,30,618470,5,0,440390,0,245740,3499/5400,0,22460,36840,59300,4928200,5118900,492820,0
1,variable_amount,missing_bill,ipon,674ebd3a611503b5495a9752f9e2a29c2839bcebe6726a6cf391278bafdba3e9,30,634300,5,0,439300,0,231000,53/54,0,25300,34000,59300,4928200,5118900,330500,0
2,variable_gap,missing_bill,none,d19520fbf75108916bf1923b9af7a84d0b7f00a995d56dc660e1b7887a79136d,20,553600,2,2,0,1,115800,188/135,0,0,0,0,5160000,5410000,0,0
2,variable_gap,missing_bill,fixed_10pct,d19520fbf75108916bf1923b9af7a84d0b7f00a995d56dc660e1b7887a79136d,20,445600,2,2,0,1,223800,661/270,7,0,0,0,5160000,5410000,516000,0
2,variable_gap,missing_bill,ipon,d19520fbf75108916bf1923b9af7a84d0b7f00a995d56dc660e1b7887a79136d,20,511800,2,2,0,1,157600,661/270,0,0,0,0,5160000,5410000,304000,0
3,regular,missing_bill,none,c9e59d97b18c658b8bf2e535d107aaffbd6a6fdd8f00d5fca56e98a6904f6930,13,229400,1,1,0,1,100100,0,0,65900,0,65900,5400000,5584100,0,0
3,regular,missing_bill,fixed_10pct,c9e59d97b18c658b8bf2e535d107aaffbd6a6fdd8f00d5fca56e98a6904f6930,8,114400,1,1,0,1,229400,241/270,0,49100,31100,80200,5400000,5569800,540000,0
3,regular,missing_bill,ipon,c9e59d97b18c658b8bf2e535d107aaffbd6a6fdd8f00d5fca56e98a6904f6930,10,142100,1,1,0,1,197600,307/540,0,56100,20000,76100,5400000,5573900,262500,0
4,variable_amount,missing_bill,none,9472531c04e16c1e0ec7fa006951eaee33d1a542d98216de8f78bfbd4b2d1e02,22,402200,3,0,488900,0,131500,0,0,0,0,0,5403200,5653200,0,0
4,variable_amount,missing_bill,fixed_10pct,9472531c04e16c1e0ec7fa006951eaee33d1a542d98216de8f78bfbd4b2d1e02,21,381690,3,0,452600,0,188310,3709/2700,0,0,0,0,5403200,5653200,540320,0
4,variable_amount,missing_bill,ipon,9472531c04e16c1e0ec7fa006951eaee33d1a542d98216de8f78bfbd4b2d1e02,21,382200,3,0,436300,0,204100,79/45,0,0,0,0,5403200,5653200,500500,0
5,variable_gap,missing_bill,none,07801651bd1fdac483e0dc184ad618ec7a262940977f046460e2fe42caea1c0e,21,580300,6,3,228300,1/2,129600,0,0,0,0,0,5640000,5890000,0,0
5,variable_gap,missing_bill,fixed_10pct,07801651bd1fdac483e0dc184ad618ec7a262940977f046460e2fe42caea1c0e,17,485400,6,3,228300,1/2,228100,16/9,0,0,3600,3600,5640000,5886400,564000,0
5,variable_gap,missing_bill,ipon,07801651bd1fdac483e0dc184ad618ec7a262940977f046460e2fe42caea1c0e,16,468800,6,3,227600,1/2,242500,607/270,0,0,700,700,5640000,5889300,676500,0
6,regular,missing_bill,none,4dae433a85f49784d940828b1b55991e3b1b9a5278df029a7b09051d31f0c76b,8,183200,2,0,161500,0,87900,17/270,0,54500,0,54500,5400000,5595500,0,0
6,regular,missing_bill,fixed_10pct,4dae433a85f49784d940828b1b55991e3b1b9a5278df029a7b09051d31f0c76b,5,100300,2,0,96800,0,255000,1597/540,0,42500,31500,74000,5400000,5576000,540000,0
6,regular,missing_bill,ipon,4dae433a85f49784d940828b1b55991e3b1b9a5278df029a7b09051d31f0c76b,6,117100,2,0,101100,0,225500,833/270,0,49500,16100,65600,5400000,5584400,265500,0
7,variable_amount,missing_bill,none,8e5b02d6dedef5e041103e47e5713b30a6716ba67a95044f2736b46675f4e0f6,34,658100,4,1,623800,1/4,205300,0,0,74100,0,74100,5028800,5204700,0,0
7,variable_amount,missing_bill,fixed_10pct,8e5b02d6dedef5e041103e47e5713b30a6716ba67a95044f2736b46675f4e0f6,31,587550,4,1,623800,1/4,281150,541/900,0,39190,40210,79400,5028800,5199400,502880,0
7,variable_amount,missing_bill,ipon,8e5b02d6dedef5e041103e47e5713b30a6716ba67a95044f2736b46675f4e0f6,31,600800,4,1,618300,1/4,273400,77/135,0,50300,29100,79400,5028800,5199400,328500,0
8,variable_gap,missing_bill,none,01f2158bbbddf76b7160469f2037691d0dd0865f7f58513989552984ad855004,32,771100,2,0,338400,0,209900,0,0,0,0,0,4800000,5050000,0,0
8,variable_gap,missing_bill,fixed_10pct,01f2158bbbddf76b7160469f2037691d0dd0865f7f58513989552984ad855004,31,708300,2,0,338400,0,286600,4/9,0,0,13900,13900,4800000,5036100,480000,0
8,variable_gap,missing_bill,ipon,01f2158bbbddf76b7160469f2037691d0dd0865f7f58513989552984ad855004,31,739500,2,0,338400,0,251900,0,0,0,10400,10400,4800000,5039600,203500,0
9,regular,missing_bill,none,ed1dca4713782b3ebda67d1c22abd3f8aab2bed3cff5dd3df26a5f526bd2b6b3,9,170900,3,0,518100,0,70100,3/10,0,61200,0,61200,5400000,5588800,0,0
9,regular,missing_bill,fixed_10pct,ed1dca4713782b3ebda67d1c22abd3f8aab2bed3cff5dd3df26a5f526bd2b6b3,6,95500,3,0,439500,0,224100,1523/540,0,49200,12000,61200,5400000,5588800,540000,0
9,regular,missing_bill,ipon,ed1dca4713782b3ebda67d1c22abd3f8aab2bed3cff5dd3df26a5f526bd2b6b3,6,111900,3,0,452900,0,194300,133/45,0,56200,5000,61200,5400000,5588800,261500,0
10,variable_amount,missing_bill,none,c4f68a85f24ef0a694df5b9488164ff21e2e555211d7328a0e2b5a40abfdb678,15,271100,6,1,889500,1/6,115900,46/135,0,104700,0,104700,5542000,5687300,0,0
10,variable_amount,missing_bill,fixed_10pct,c4f68a85f24ef0a694df5b9488164ff21e2e555211d7328a0e2b5a40abfdb678,9,205130,6,1,853880,1/6,217490,1601/675,0,75660,29040,104700,5542000,5687300,554200,0
10,variable_amount,missing_bill,ipon,c4f68a85f24ef0a694df5b9488164ff21e2e555211d7328a0e2b5a40abfdb678,10,213100,6,1,879600,1/6,183800,19/10,7,67700,37000,104700,5542000,5687300,459500,0
11,variable_gap,missing_bill,none,c4c656884ed496147c1a8ab0f720fa6e86cedaf7baddbac63d833d9afef1aaa0,2,50000,1,0,223300,0,40800,493/270,0,118500,0,118500,5640000,5771500,0,0
11,variable_gap,missing_bill,fixed_10pct,c4c656884ed496147c1a8ab0f720fa6e86cedaf7baddbac63d833d9afef1aaa0,2,39500,1,0,133500,0,141100,73/18,7,70500,48000,118500,5640000,5771500,564000,0
11,variable_gap,missing_bill,ipon,c4c656884ed496147c1a8ab0f720fa6e86cedaf7baddbac63d833d9afef1aaa0,2,45000,1,0,160200,0,108900,853/270,0,59000,59500,118500,5640000,5771500,360000,0
12,regular,missing_bill,none,05ac117bae7b5550c5c268ffc7309d3dfc796f054fd4c73b2cb851b16b4b0740,7,118800,0,0,0,,58300,25/27,0,57700,0,57700,5400000,5592300,0,0
12,regular,missing_bill,fixed_10pct,05ac117bae7b5550c5c268ffc7309d3dfc796f054fd4c73b2cb851b16b4b0740,0,0,0,0,0,,204900,161/45,0,45700,39800,85500,5400000,5564500,540000,0
12,regular,missing_bill,ipon,05ac117bae7b5550c5c268ffc7309d3dfc796f054fd4c73b2cb851b16b4b0740,1,8200,0,0,0,,182800,287/90,0,52700,18900,71600,5400000,5578400,262500,0
13,variable_amount,missing_bill,none,f4f7d666d1fae062bd7ea6f2e053b74262f4b44e5e320028030f094929916ce7,22,510900,5,0,314400,0,145200,0,0,41600,0,41600,5395800,5604200,0,0
13,variable_amount,missing_bill,fixed_10pct,f4f7d666d1fae062bd7ea6f2e053b74262f4b44e5e320028030f094929916ce7,21,470560,5,0,308400,0,191540,379/540,0,31280,10320,41600,5395800,5604200,539580,0
13,variable_amount,missing_bill,ipon,f4f7d666d1fae062bd7ea6f2e053b74262f4b44e5e320028030f094929916ce7,21,477900,5,0,303400,0,189200,7/9,0,41600,0,41600,5395800,5604200,520000,0
14,variable_gap,missing_bill,none,cc750d8d2f4c4ebbeca5058595ceae5236cbd0d4ce4b67d3c2003c6493af4bce,8,141200,4,3,99600,3/4,61100,0,0,253900,0,253900,6120000,6116100,0,0
14,variable_gap,missing_bill,fixed_10pct,cc750d8d2f4c4ebbeca5058595ceae5236cbd0d4ce4b67d3c2003c6493af4bce,6,92400,4,3,74200,3/4,146200,20/9,0,183600,81200,264800,6120000,6105200,612000,0
14,variable_gap,missing_bill,ipon,cc750d8d2f4c4ebbeca5058595ceae5236cbd0d4ce4b67d3c2003c6493af4bce,6,92800,4,3,70100,3/4,157900,1391/540,0,129100,143700,272800,6120000,6097200,673500,0
15,regular,missing_bill,none,b56ccc0b3de8472596253cae1a83e718b0ebebd33423320f1b680d64dd1d242f,19,491400,6,2,538000,1/3,143600,0,0,59600,0,59600,5400000,5590400,0,0
15,regular,missing_bill,fixed_10pct,b56ccc0b3de8472596253cae1a83e718b0ebebd33423320f1b680d64dd1d242f,17,409600,6,2,490600,1/3,289300,31/45,0,47600,28500,76100,5400000,5573900,540000,0
15,regular,missing_bill,ipon,b56ccc0b3de8472596253cae1a83e718b0ebebd33423320f1b680d64dd1d242f,18,435900,6,2,504800,1/3,248800,211/540,0,54600,21500,76100,5400000,5573900,234000,0
16,variable_amount,missing_bill,none,e7b180f9f9e1d3ed6b88b9f1da3e20378cb323e56a0be146d97459a87f982484,10,139900,2,1,253300,1/2,76700,89/270,0,95200,0,95200,5589300,5744100,0,0
16,variable_amount,missing_bill,fixed_10pct,e7b180f9f9e1d3ed6b88b9f1da3e20378cb323e56a0be146d97459a87f982484,6,84000,2,1,225230,1/2,160670,1487/540,0,55880,39320,95200,5589300,5744100,558930,0
16,variable_amount,missing_bill,ipon,e7b180f9f9e1d3ed6b88b9f1da3e20378cb323e56a0be146d97459a87f982484,5,82200,2,1,225200,1/2,162500,49/15,0,49700,45500,95200,5589300,5744100,435000,0
17,variable_gap,missing_bill,none,d4fd089c4a539667a83df1765264e2ac7f981a266fb10eb1e41ea662b609a5f3,12,299500,6,2,499200,1/3,91500,50/27,0,150100,0,150100,5760000,5859900,0,0
17,variable_gap,missing_bill,fixed_10pct,d4fd089c4a539667a83df1765264e2ac7f981a266fb10eb1e41ea662b609a5f3,12,281200,6,3,475600,1/2,152100,1961/540,7,59700,109100,168800,5760000,5841200,576000,0
17,variable_gap,missing_bill,ipon,d4fd089c4a539667a83df1765264e2ac7f981a266fb10eb1e41ea662b609a5f3,12,284800,6,3,475600,1/2,151500,110/27,0,42700,129100,171800,5760000,5838200,423000,0
18,regular,missing_bill,none,a709e55abdf72de555383f340a7c665ad75ee1a46f5334c4c7e86e9040ff26d3,9,200500,4,0,519200,0,100000,0,0,0,0,0,5400000,5650000,0,0
18,regular,missing_bill,fixed_10pct,a709e55abdf72de555383f340a7c665ad75ee1a46f5334c4c7e86e9040ff26d3,8,146900,4,1,425300,1/4,247500,91/54,0,0,0,0,5400000,5650000,540000,0
18,regular,missing_bill,ipon,a709e55abdf72de555383f340a7c665ad75ee1a46f5334c4c7e86e9040ff26d3,9,164400,4,1,436600,1/4,218700,136/135,0,0,0,0,5400000,5650000,261000,0
19,variable_amount,missing_bill,none,231cefb5ac020d37462a580092228d7fc093dfacfeb6310464f4cbcea91b5995,12,224100,5,3,482500,3/5,79500,0,0,116700,0,116700,5678300,5811600,0,0
19,variable_amount,missing_bill,fixed_10pct,231cefb5ac020d37462a580092228d7fc093dfacfeb6310464f4cbcea91b5995,10,161520,5,3,482500,3/5,187290,1796/675,0,53990,107920,161910,5678300,5766390,567830,0
19,variable_amount,missing_bill,ipon,231cefb5ac020d37462a580092228d7fc093dfacfeb6310464f4cbcea91b5995,9,167900,5,3,482500,3/5,174800,29/10,0,56700,99100,155800,5678300,5772500,531000,0
20,variable_gap,missing_bill,none,52494b87adba5e44299ecdccb0c1734a4c03117580943b8277286f97a253a754,22,547700,3,1,111000,1/3,134700,0,0,87300,0,87300,5400000,5562700,0,0
20,variable_gap,missing_bill,fixed_10pct,52494b87adba5e44299ecdccb0c1734a4c03117580943b8277286f97a253a754,21,475900,3,1,108100,1/3,209400,4/3,0,27300,60000,87300,5400000,5562700,540000,0
20,variable_gap,missing_bill,ipon,52494b87adba5e44299ecdccb0c1734a4c03117580943b8277286f97a253a754,20,472200,3,1,108100,1/3,213100,196/135,0,29300,58000,87300,5400000,5562700,566000,0
21,regular,missing_bill,none,2338e578c392f4c2cf8eea626098b8627578515dad77c74be5182587396d988a,10,240100,3,0,544300,0,77700,0,0,59400,0,59400,5400000,5590600,0,0
21,regular,missing_bill,fixed_10pct,2338e578c392f4c2cf8eea626098b8627578515dad77c74be5182587396d988a,6,121400,3,0,500600,0,240100,19/18,0,47400,12000,59400,5400000,5590600,540000,0
21,regular,missing_bill,ipon,2338e578c392f4c2cf8eea626098b8627578515dad77c74be5182587396d988a,8,155800,3,0,497100,0,209200,77/108,0,54400,5000,59400,5400000,5590600,257500,0
22,variable_amount,missing_bill,none,a3bfdd17e3123b1a88d09b17a4e14680e59d09624e316ec5fa408aad454ac7ab,17,377800,9,3,892300,1/3,127400,0,0,117600,0,117600,5578600,5711000,0,0
22,variable_amount,missing_bill,fixed_10pct,a3bfdd17e3123b1a88d09b17a4e14680e59d09624e316ec5fa408aad454ac7ab,14,312050,9,3,878870,1/3,210060,2903/2700,0,92390,28690,121080,5578600,5707520,557860,0
22,variable_amount,missing_bill,ipon,a3bfdd17e3123b1a88d09b17a4e14680e59d09624e316ec5fa408aad454ac7ab,14,320000,9,3,870700,1/3,214000,7/6,0,79800,45000,124800,5578600,5703800,497500,0
23,variable_gap,missing_bill,none,fa7b32501c966d111ac58380eb0f352f0b4c591d4ea5baab30af72d51a0549fc,3,62600,3,2,24100,2/3,29000,0,0,234700,0,234700,6120000,6135300,0,0
23,variable_gap,missing_bill,fixed_10pct,fa7b32501c966d111ac58380eb0f352f0b4c591d4ea5baab30af72d51a0549fc,2,45500,3,3,0,1,113800,989/270,7,162700,115600,278300,6120000,6091700,612000,0
23,variable_gap,missing_bill,ipon,fa7b32501c966d111ac58380eb0f352f0b4c591d4ea5baab30af72d51a0549fc,2,47600,3,2,2200,2/3,119600,2633/540,0,113700,174700,288400,6120000,6081600,623500,0
24,regular,missing_bill,none,8868e970440fd21d32c1f23a504b7141d3854cd497b8a8da0eccdc759c04177f,9,219800,2,0,193800,0,84200,0,0,58700,0,58700,5400000,5591300,0,0
24,regular,missing_bill,fixed_10pct,8868e970440fd21d32c1f23a504b7141d3854cd497b8a8da0eccdc759c04177f,6,103700,2,0,172100,0,222000,29/27,0,46700,12000,58700,5400000,5591300,540000,0
24,regular,missing_bill,ipon,8868e970440fd21d32c1f23a504b7141d3854cd497b8a8da0eccdc759c04177f,8,132800,2,0,163400,0,201600,181/270,0,53700,5000,58700,5400000,5591300,261000,0
25,variable_amount,missing_bill,none,00ef8ac7c1168109dc3bcb99bba49049b6d78a48130d2cc604cdf0c316c55684,25,417800,5,3,277400,3/5,150800,0,0,81800,0,81800,5516700,5684900,0,0
25,variable_amount,missing_bill,fixed_10pct,00ef8ac7c1168109dc3bcb99bba49049b6d78a48130d2cc604cdf0c316c55684,20,342930,5,3,277400,3/5,225670,37/54,0,55410,26390,81800,5516700,5684900,551670,0
25,variable_amount,missing_bill,ipon,00ef8ac7c1168109dc3bcb99bba49049b6d78a48130d2cc604cdf0c316c55684,22,345700,5,3,277400,3/5,222900,1,0,48300,33500,81800,5516700,5684900,524500,0
26,variable_gap,missing_bill,none,b66062aeafd758e2385d4b1460babaf54fdc63ec96c6cdfbd6c0691b31de2fc2,15,322400,4,2,106300,1/2,97500,0,0,0,0,0,5520000,5770000,0,0
26,variable_gap,missing_bill,fixed_10pct,b66062aeafd758e2385d4b1460babaf54fdc63ec96c6cdfbd6c0691b31de2fc2,14,272000,4,2,81400,1/2,178200,193/90,7,0,5400,5400,5520000,5764600,552000,0
26,variable_gap,missing_bill,ipon,b66062aeafd758e2385d4b1460babaf54fdc63ec96c6cdfbd6c0691b31de2fc2,14,288900,4,2,77000,1/2,165700,493/270,0,0,5400,5400,5520000,5764600,460500,0
27,regular,missing_bill,none,c87ff24de73e862c182158ce84b08a682cc1f9b66165c3b297397482dccecd39,13,264700,4,1,254300,1/4,98700,0,0,59500,0,59500,5400000,5590500,0,0
27,regular,missing_bill,fixed_10pct,c87ff24de73e862c182158ce84b08a682cc1f9b66165c3b297397482dccecd39,9,165300,4,1,232900,1/4,233500,11/6,0,44500,29000,73500,5400000,5576500,540000,0
27,regular,missing_bill,ipon,c87ff24de73e862c182158ce84b08a682cc1f9b66165c3b297397482dccecd39,9,175300,4,1,238700,1/4,215000,811/540,0,51500,19300,70800,5400000,5579200,265000,0
28,variable_amount,missing_bill,none,5432673bcaffc06353ca83c46aa188be851ea53bfa10490beec6808c1c4b1e20,20,410600,4,1,562200,1/4,125800,0,0,171200,0,171200,5411000,5489800,0,0
28,variable_amount,missing_bill,fixed_10pct,5432673bcaffc06353ca83c46aa188be851ea53bfa10490beec6808c1c4b1e20,18,359760,4,1,551990,1/4,215050,81/50,0,111930,87470,199400,5411000,5461600,541100,0
28,variable_amount,missing_bill,ipon,5432673bcaffc06353ca83c46aa188be851ea53bfa10490beec6808c1c4b1e20,18,365100,4,1,555400,1/4,209700,262/135,0,82400,120400,202800,5411000,5458200,436000,0
29,variable_gap,missing_bill,none,e20fc788184e31601adf91e33318e6f1ca808bee4b201a223333ab5f9c317049,25,627800,2,2,0,1,143900,0,0,120800,0,120800,5280000,5409200,0,0
29,variable_gap,missing_bill,fixed_10pct,e20fc788184e31601adf91e33318e6f1ca808bee4b201a223333ab5f9c317049,24,542500,2,2,0,1,231500,8/9,0,75100,48000,123100,5280000,5406900,528000,0
29,variable_gap,missing_bill,ipon,e20fc788184e31601adf91e33318e6f1ca808bee4b201a223333ab5f9c317049,22,548500,2,2,0,1,223200,41/54,0,90300,30500,120800,5280000,5409200,574000,0
30,regular,missing_bill,none,55bfadc599d4f7653ca4cd2e873e644b96a765c24e898ee45d7fa3374d9b225c,7,135700,0,0,0,,56600,0,0,61500,0,61500,5400000,5588500,0,0
30,regular,missing_bill,fixed_10pct,55bfadc599d4f7653ca4cd2e873e644b96a765c24e898ee45d7fa3374d9b225c,0,0,0,0,0,,234700,1783/540,0,49500,54400,103900,5400000,5546100,540000,0
30,regular,missing_bill,ipon,55bfadc599d4f7653ca4cd2e873e644b96a765c24e898ee45d7fa3374d9b225c,1,7200,0,0,0,,197700,356/135,0,56500,17600,74100,5400000,5575900,252000,0
31,variable_amount,missing_bill,none,79538ead10291e3cb3cf909031112377dadd20c068eaa6a05de3a030763455f9,15,243300,3,1,351700,1/3,99500,0,0,34800,0,34800,5427300,5642500,0,0
31,variable_amount,missing_bill,fixed_10pct,79538ead10291e3cb3cf909031112377dadd20c068eaa6a05de3a030763455f9,12,196580,3,1,312420,1/3,185500,1793/900,0,25310,9490,34800,5427300,5642500,542730,0
31,variable_amount,missing_bill,ipon,79538ead10291e3cb3cf909031112377dadd20c068eaa6a05de3a030763455f9,11,193500,3,1,309100,1/3,191900,43/18,0,34800,0,34800,5427300,5642500,432000,0
32,variable_gap,missing_bill,none,234259a916433361c159bdbf0802a2823f21d25cb7725edc065f7e0acdfa7ffc,5,125000,3,1,208600,1/3,60300,244/135,0,58200,0,58200,5640000,5831800,0,0
32,variable_gap,missing_bill,fixed_10pct,234259a916433361c159bdbf0802a2823f21d25cb7725edc065f7e0acdfa7ffc,5,125000,3,1,130900,1/3,138000,22/5,7,46200,12000,58200,5640000,5831800,564000,0
32,variable_gap,missing_bill,ipon,234259a916433361c159bdbf0802a2823f21d25cb7725edc065f7e0acdfa7ffc,5,125000,3,1,115200,1/3,153700,148/27,7,53200,5000,58200,5640000,5831800,521000,0
33,regular,missing_bill,none,057dcd0b49c9a2734f6479faadc6f5871bd70dd646838cdf95766bf8696c5811,10,207500,3,0,391100,0,106400,0,0,66400,0,66400,5400000,5583600,0,0
33,regular,missing_bill,fixed_10pct,057dcd0b49c9a2734f6479faadc6f5871bd70dd646838cdf95766bf8696c5811,8,168100,3,0,320600,0,232200,157/135,0,48800,33500,82300,5400000,5567700,540000,0
33,regular,missing_bill,ipon,057dcd0b49c9a2734f6479faadc6f5871bd70dd646838cdf95766bf8696c5811,9,186600,3,0,327000,0,200600,11/15,0,55800,19800,75600,5400000,5574400,263000,0
34,variable_amount,missing_bill,none,383742bf5b48929fa6d974f360734d098eba0cf29deb65bcfaa045c3a0ee8c75,9,197800,1,0,285500,0,90000,0,0,105700,0,105700,5323900,5468200,0,0
34,variable_amount,missing_bill,fixed_10pct,383742bf5b48929fa6d974f360734d098eba0cf29deb65bcfaa045c3a0ee8c75,7,122210,1,0,285500,0,165590,1741/900,0,89280,16420,105700,5323900,5468200,532390,0
34,variable_amount,missing_bill,ipon,383742bf5b48929fa6d974f360734d098eba0cf29deb65bcfaa045c3a0ee8c75,8,126500,1,0,285500,0,161300,53/27,0,78700,27000,105700,5323900,5468200,417500,0
35,variable_gap,missing_bill,none,35c16568ef865a9ac66d1637aa885901ba8c0168b3b752923734307124dfe187,17,434700,4,1,294900,1/4,151600,0,0,96000,0,96000,5280000,5434000,0,0
35,variable_gap,missing_bill,fixed_10pct,35c16568ef865a9ac66d1637aa885901ba8c0168b3b752923734307124dfe187,17,389000,4,1,284500,1/4,249500,253/180,0,64600,73200,137800,5280000,5392200,528000,0
35,variable_gap,missing_bill,ipon,35c16568ef865a9ac66d1637aa885901ba8c0168b3b752923734307124dfe187,17,415500,4,1,289600,1/4,224300,331/180,0,64600,79600,144200,5280000,5385800,487500,0
36,regular,missing_bill,none,182635d8b8c2f5389d2eb9e70428c73d819a51fa0ce83f5a5ef6de2fab585bf8,8,199800,4,1,701700,1/4,72000,0,0,62800,0,62800,5400000,5587200,0,0
36,regular,missing_bill,fixed_10pct,182635d8b8c2f5389d2eb9e70428c73d819a51fa0ce83f5a5ef6de2fab585bf8,8,145200,4,1,637800,1/4,207200,146/135,0,47800,31700,79500,5400000,5570500,540000,0
36,regular,missing_bill,ipon,182635d8b8c2f5389d2eb9e70428c73d819a51fa0ce83f5a5ef6de2fab585bf8,8,161700,4,1,644400,1/4,176200,61/90,0,54800,16800,71600,5400000,5578400,269500,0
37,variable_amount,missing_bill,none,10055f029b6db70556b655140e5456abf7234e2618d529887a3d631efe888d81,13,318600,3,0,439100,0,88200,0,0,58500,0,58500,5375700,5567200,0,0
37,variable_amount,missing_bill,fixed_10pct,10055f029b6db70556b655140e5456abf7234e2618d529887a3d631efe888d81,11,261040,3,1,414600,1/3,170260,56/25,0,34700,23800,58500,5375700,5567200,537570,0
37,variable_amount,missing_bill,ipon,10055f029b6db70556b655140e5456abf7234e2618d529887a3d631efe888d81,11,275100,3,1,400000,1/3,170800,82/27,0,48500,10000,58500,5375700,5567200,463000,0
38,variable_gap,missing_bill,none,1daae5be61c713f7eed42de97d2d30e95951536210f525039a596c4747dc349f,24,574900,4,3,8600,3/4,148900,0,0,94400,0,94400,5400000,5555600,0,0
38,variable_gap,missing_bill,fixed_10pct,1daae5be61c713f7eed42de97d2d30e95951536210f525039a596c4747dc349f,23,516600,4,3,3000,3/4,212800,8/9,0,34400,60000,94400,5400000,5555600,540000,0
38,variable_gap,missing_bill,ipon,1daae5be61c713f7eed42de97d2d30e95951536210f525039a596c4747dc349f,23,518200,4,3,6600,3/4,213800,77/135,0,23100,77500,100600,5400000,5549400,465500,0
39,regular,missing_bill,none,1320c61b5e64eeafce22603c66c43896a8f5551bac9623837c862b637dc3e5dc,17,348700,6,2,520700,1/3,144600,0,0,61200,0,61200,5400000,5588800,0,0
39,regular,missing_bill,fixed_10pct,1320c61b5e64eeafce22603c66c43896a8f5551bac9623837c862b637dc3e5dc,12,254200,6,2,471200,1/3,288600,92/135,0,49200,12000,61200,5400000,5588800,540000,0
39,regular,missing_bill,ipon,1320c61b5e64eeafce22603c66c43896a8f5551bac9623837c862b637dc3e5dc,14,295100,6,2,477900,1/3,241000,199/540,0,56200,5000,61200,5400000,5588800,190000,0
40,variable_amount,missing_bill,none,01da0f94f40bc95003236c54e4b69e2963a5b754f093bfd76db896d54d451a04,26,411700,2,0,228700,0,141100,0,0,137400,0,137400,5218500,5331100,0,0
40,variable_amount,missing_bill,fixed_10pct,01da0f94f40bc95003236c54e4b69e2963a5b754f093bfd76db896d54d451a04,19,354290,2,0,226800,0,204610,17/15,0,95570,46030,141600,5218500,5326900,521850,0
40,variable_amount,missing_bill,ipon,01da0f94f40bc95003236c54e4b69e2963a5b754f093bfd76db896d54d451a04,22,374600,2,0,228700,0,182400,22/27,7,81000,60600,141600,5218500,5326900,370000,0
41,variable_gap,missing_bill,none,cbcfa4a5e711128764d77a7550f0da5a36effb908c7546a87ba310efc68b6cbc,29,753400,5,0,623100,0,196800,0,0,0,0,0,5040000,5290000,0,0
41,variable_gap,missing_bill,fixed_10pct,cbcfa4a5e711128764d77a7550f0da5a36effb908c7546a87ba310efc68b6cbc,29,680000,5,0,608800,0,284500,2/3,0,0,0,0,5040000,5290000,504000,0
41,variable_gap,missing_bill,ipon,cbcfa4a5e711128764d77a7550f0da5a36effb908c7546a87ba310efc68b6cbc,29,717300,5,0,598700,0,257300,44/135,0,0,0,0,5040000,5290000,387500,0
42,regular,missing_bill,none,8a2a0892149011d8f99ef295d8dad96edc745baefe3c809c0d77df15da981e29,8,166300,2,1,46900,1/2,75000,0,0,67200,0,67200,5400000,5582800,0,0
42,regular,missing_bill,fixed_10pct,8a2a0892149011d8f99ef295d8dad96edc745baefe3c809c0d77df15da981e29,3,57000,2,1,13900,1/2,234300,493/270,0,49200,35000,84200,5400000,5565800,540000,0
42,regular,missing_bill,ipon,8a2a0892149011d8f99ef295d8dad96edc745baefe3c809c0d77df15da981e29,4,89900,2,1,34600,1/2,173200,154/135,0,56200,20500,76700,5400000,5573300,262000,0
43,variable_amount,missing_bill,none,3902937ee72b3e5e55295ab3ad1a84b08b0b15aa99e8eef3df93c9c88167898d,10,178400,3,2,80900,2/3,72800,0,0,50900,0,50900,5510900,5710000,0,0
43,variable_amount,missing_bill,fixed_10pct,3902937ee72b3e5e55295ab3ad1a84b08b0b15aa99e8eef3df93c9c88167898d,8,135840,3,2,43340,2/3,161620,211/75,0,39890,19710,59600,5510900,5701300,551090,0
43,variable_amount,missing_bill,ipon,3902937ee72b3e5e55295ab3ad1a84b08b0b15aa99e8eef3df93c9c88167898d,8,137600,3,2,44700,2/3,171000,143/45,0,50900,21200,72100,5510900,5688800,506000,0
44,variable_gap,missing_bill,none,1344b7cc073261c7fa1fdc202b0a7098582ef94384e97b50fbe2fe11bfd511ff,10,275400,0,0,0,,51900,0,0,208400,0,208400,5400000,5441600,0,0
44,variable_gap,missing_bill,fixed_10pct,1344b7cc073261c7fa1fdc202b0a7098582ef94384e97b50fbe2fe11bfd511ff,10,184500,0,0,0,,161000,20/9,0,94200,132400,226600,5400000,5423400,540000,0
44,variable_gap,missing_bill,ipon,1344b7cc073261c7fa1fdc202b0a7098582ef94384e97b50fbe2fe11bfd511ff,10,222300,0,0,0,,122200,314/135,0,96200,129400,225600,5400000,5424400,437000,0
45,regular,missing_bill,none,ae246cef99058409e3593c464e25f1dcb0d2f2a39952ee114b749008496659ab,19,407500,3,0,239300,0,163000,0,0,60300,0,60300,5400000,5589700,0,0
45,regular,missing_bill,fixed_10pct,ae246cef99058409e3593c464e25f1dcb0d2f2a39952ee114b749008496659ab,16,293100,3,0,231100,0,302600,181/270,0,48300,29000,77300,5400000,5572700,540000,0
45,regular,missing_bill,ipon,ae246cef99058409e3593c464e25f1dcb0d2f2a39952ee114b749008496659ab,17,329200,3,0,233700,0,262900,203/540,0,55300,21000,76300,5400000,5573700,210500,0
46,variable_amount,missing_bill,none,2de37a1fa41d4dea7a71f52050d2a3dc3d34efab2bb3df7ea6f055de54d664ce,19,322500,2,2,0,1,103900,0,0,154700,0,154700,5463100,5558400,0,0
46,variable_amount,missing_bill,fixed_10pct,2de37a1fa41d4dea7a71f52050d2a3dc3d34efab2bb3df7ea6f055de54d664ce,17,247270,2,2,0,1,179130,1259/900,0,109390,45310,154700,5463100,5558400,546310,0
46,variable_amount,missing_bill,ipon,2de37a1fa41d4dea7a71f52050d2a3dc3d34efab2bb3df7ea6f055de54d664ce,17,245400,2,2,0,1,181000,97/54,0,78700,76000,154700,5463100,5558400,488500,0
47,variable_gap,missing_bill,none,996413ec236297db2f7bcc49be9d28d8eaf6ede25e64423a8beb70808ad56766,5,100700,1,1,0,1,38700,0,0,60900,0,60900,5520000,5709100,0,0
47,variable_gap,missing_bill,fixed_10pct,996413ec236297db2f7bcc49be9d28d8eaf6ede25e64423a8beb70808ad56766,2,41400,1,1,0,1,162900,1619/270,7,48900,76900,125800,5520000,5644200,552000,0
47,variable_gap,missing_bill,ipon,996413ec236297db2f7bcc49be9d28d8eaf6ede25e64423a8beb70808ad56766,3,50000,1,1,0,1,129800,193/30,7,55900,45400,101300,5520000,5668700,344500,0
48,regular,missing_bill,none,ef9c3604a6e3d359528b45f4a90053eefee191254e647e0e151c8c632609bf35,11,255300,2,0,57400,0,80000,49/135,0,76900,0,76900,5400000,5573100,0,0
48,regular,missing_bill,fixed_10pct,ef9c3604a6e3d359528b45f4a90053eefee191254e647e0e151c8c632609bf35,6,139400,2,1,38700,1/2,235800,85/27,0,51200,46900,98100,5400000,5551900,540000,0
48,regular,missing_bill,ipon,ef9c3604a6e3d359528b45f4a90053eefee191254e647e0e151c8c632609bf35,7,153900,2,1,40500,1/2,207300,829/270,0,60200,25700,85900,5400000,5564100,260000,0
49,variable_amount,missing_bill,none,21cbc1cdeebebc1bec3460093998f0892b613d763772a90a53b26f931ff5cebf,19,335700,3,1,409800,1/3,115000,0,0,133200,0,133200,5319500,5436300,0,0
49,variable_amount,missing_bill,fixed_10pct,21cbc1cdeebebc1bec3460093998f0892b613d763772a90a53b26f931ff5cebf,17,286100,3,1,408300,1/3,210840,10841/5400,0,59500,118440,177940,5319500,5391560,531950,0
49,variable_amount,missing_bill,ipon,21cbc1cdeebebc1bec3460093998f0892b613d763772a90a53b26f931ff5cebf,16,281200,3,1,408300,1/3,212100,27/10,0,57600,116700,174300,5319500,5395200,464000,0
50,variable_gap,missing_bill,none,d3fd46d4f7a0e5ce82ceb49948c302d2e3b34823640dd423f7bbbd38abbe4e4b,6,118200,3,3,0,1,31400,50/27,0,33600,0,33600,5760000,5976400,0,0
50,variable_gap,missing_bill,fixed_10pct,d3fd46d4f7a0e5ce82ceb49948c302d2e3b34823640dd423f7bbbd38abbe4e4b,3,38000,3,3,0,1,111600,260/27,14,21600,12000,33600,5760000,5976400,576000,0
50,variable_gap,missing_bill,ipon,d3fd46d4f7a0e5ce82ceb49948c302d2e3b34823640dd423f7bbbd38abbe4e4b,4,62800,3,3,0,1,86800,217/18,7,28600,5000,33600,5760000,5976400,416000,0
51,regular,missing_bill,none,18e41736b13440a25d86bbc9dbd853e284d6c72cc31bc78a97d7f5f0e355f111,13,278400,1,0,117200,0,83000,0,0,63800,0,63800,5400000,5586200,0,0
51,regular,missing_bill,fixed_10pct,18e41736b13440a25d86bbc9dbd853e284d6c72cc31bc78a97d7f5f0e355f111,9,133300,1,0,117200,0,239800,443/540,0,50500,25000,75500,5400000,5574500,540000,0
51,regular,missing_bill,ipon,18e41736b13440a25d86bbc9dbd853e284d6c72cc31bc78a97d7f5f0e355f111,10,176200,1,0,110200,0,200800,43/90,0,57500,14900,72400,5400000,5577600,248000,0
52,variable_amount,missing_bill,none,f66474a59627a958fbd1da90effa1a28014e725aed33cd9979094f25178f2c82,30,534700,3,1,487900,1/3,157800,0,0,16900,0,16900,5062700,5295800,0,0
52,variable_amount,missing_bill,fixed_10pct,f66474a59627a958fbd1da90effa1a28014e725aed33cd9979094f25178f2c82,28,468030,3,1,487900,1/3,224470,443/540,0,9070,7830,16900,5062700,5295800,506270,0
52,variable_amount,missing_bill,ipon,f66474a59627a958fbd1da90effa1a28014e725aed33cd9979094f25178f2c82,28,475200,3,1,487900,1/3,217300,71/90,7,16900,0,16900,5062700,5295800,387000,0
53,variable_gap,missing_bill,none,cd2d45e820e8f31d45024e050bf2ba48892aa6072ba8e0a6cc4b4f3048c0a00f,16,335200,5,3,188000,3/5,115300,0,0,275200,0,275200,5880000,5854800,0,0
53,variable_gap,missing_bill,fixed_10pct,cd2d45e820e8f31d45024e050bf2ba48892aa6072ba8e0a6cc4b4f3048c0a00f,14,278400,5,3,164300,3/5,195800,4/3,0,155200,120000,275200,5880000,5854800,588000,0
53,variable_gap,missing_bill,ipon,cd2d45e820e8f31d45024e050bf2ba48892aa6072ba8e0a6cc4b4f3048c0a00f,15,312400,5,3,163700,3/5,162400,733/540,0,100200,175000,275200,5880000,5854800,632000,0
54,regular,missing_bill,none,7ecc965e349b8ea0bb4b7a375c4c394964d95852a470cd68879ec6967332462a,20,427600,5,2,265900,2/5,138700,0,0,54400,0,54400,5400000,5595600,0,0
54,regular,missing_bill,fixed_10pct,7ecc965e349b8ea0bb4b7a375c4c394964d95852a470cd68879ec6967332462a,15,295700,5,2,234700,2/5,301800,203/270,0,42400,12000,54400,5400000,5595600,540000,0
54,regular,missing_bill,ipon,7ecc965e349b8ea0bb4b7a375c4c394964d95852a470cd68879ec6967332462a,16,348600,5,2,242500,2/5,241100,17/45,0,49400,5000,54400,5400000,5595600,233500,0
55,variable_amount,missing_bill,none,1c6c21a770dc6557c3f3d1d02366c500c213c2d4a7617c34f2eacac63863201d,20,311000,1,1,0,1,110100,0,0,112600,0,112600,5296100,5433500,0,0
55,variable_amount,missing_bill,fixed_10pct,1c6c21a770dc6557c3f3d1d02366c500c213c2d4a7617c34f2eacac63863201d,14,208690,1,1,0,1,218010,3281/2700,0,79270,38930,118200,5296100,5427900,529610,0
55,variable_amount,missing_bill,ipon,1c6c21a770dc6557c3f3d1d02366c500c213c2d4a7617c34f2eacac63863201d,13,218800,1,1,0,1,203700,4/3,0,71500,42500,114000,5296100,5432100,456000,0
56,variable_gap,missing_bill,none,b252b71fee21de1f050907ff009e685c1e8b7acd8be468b546edb23bfd931ead,16,335000,3,1,323900,1/3,97600,0,0,151200,0,151200,5400000,5498800,0,0
56,variable_gap,missing_bill,fixed_10pct,b252b71fee21de1f050907ff009e685c1e8b7acd8be468b546edb23bfd931ead,14,283300,3,1,323900,1/3,164500,16/9,0,77100,89300,166400,5400000,5483600,540000,0
56,variable_gap,missing_bill,ipon,b252b71fee21de1f050907ff009e685c1e8b7acd8be468b546edb23bfd931ead,14,287800,3,1,323900,1/3,172200,107/54,7,84100,94500,178600,5400000,5471400,512000,0
57,regular,missing_bill,none,993bb044ca34f690a4eede389c25183a219ae64a69e2f706ade43a59efb931ab,13,290900,3,1,466300,1/3,116300,0,0,65000,0,65000,5400000,5585000,0,0
57,regular,missing_bill,fixed_10pct,993bb044ca34f690a4eede389c25183a219ae64a69e2f706ade43a59efb931ab,10,184100,3,1,447900,1/3,256900,31/27,0,50300,30100,80400,5400000,5569600,540000,0
57,regular,missing_bill,ipon,993bb044ca34f690a4eede389c25183a219ae64a69e2f706ade43a59efb931ab,10,205700,3,1,449000,1/3,229000,20/27,0,57300,17900,75200,5400000,5574800,257500,0
58,variable_amount,missing_bill,none,c93063ebff38b37a47c41b10900a3c825d4e74b710383d0b8adee4979f9eeadd,16,348400,3,0,419700,0,109700,0,0,110700,0,110700,5404100,5543400,0,0
58,variable_amount,missing_bill,fixed_10pct,c93063ebff38b37a47c41b10900a3c825d4e74b710383d0b8adee4979f9eeadd,13,287530,3,1,397470,1/3,193010,317/270,0,44880,66030,110910,5404100,5543190,540410,0
58,variable_amount,missing_bill,ipon,c93063ebff38b37a47c41b10900a3c825d4e74b710383d0b8adee4979f9eeadd,14,286300,3,1,406800,1/3,189400,419/270,0,51500,63900,115400,5404100,5538700,474000,0
59,variable_gap,missing_bill,none,cb4f3164356765bf4c854c43ad16556d16731d117f2d3db74491dba055be1dbd,24,515300,2,0,353100,0,144100,0,0,91400,0,91400,5040000,5198600,0,0
59,variable_gap,missing_bill,fixed_10pct,cb4f3164356765bf4c854c43ad16556d16731d117f2d3db74491dba055be1dbd,22,443600,2,0,350800,0,218100,4/3,0,55400,36000,91400,5040000,5198600,504000,0
59,variable_gap,missing_bill,ipon,cb4f3164356765bf4c854c43ad16556d16731d117f2d3db74491dba055be1dbd,22,460900,2,0,353100,0,198500,103/90,0,61400,30000,91400,5040000,5198600,342000,0
60,regular,missing_bill,none,aa26e2530d0ac109e784f650453bb8ec3a4994f700d57439096c57f7789d71fb,5,98400,0,0,0,,50700,13/15,0,67100,0,67100,5400000,5582900,0,0
60,regular,missing_bill,fixed_10pct,aa26e2530d0ac109e784f650453bb8ec3a4994f700d57439096c57f7789d71fb,0,0,0,0,0,,220500,1081/270,0,45400,93100,138500,5400000,5511500,540000,0
60,regular,missing_bill,ipon,aa26e2530d0ac109e784f650453bb8ec3a4994f700d57439096c57f7789d71fb,0,0,0,0,0,,170100,175/54,0,53300,34800,88100,5400000,5561900,264000,0
61,variable_amount,missing_bill,none,e84f50715b5508d1b713da8a941517958bb8523d1112202f0ad06f12cc402790,8,110700,2,1,239800,1/2,61800,31/54,0,108300,0,108300,5562900,5704600,0,0
61,variable_amount,missing_bill,fixed_10pct,e84f50715b5508d1b713da8a941517958bb8523d1112202f0ad06f12cc402790,6,74310,2,1,181640,1/2,156350,983/300,7,91430,16870,108300,5562900,5704600,556290,0
61,variable_amount,missing_bill,ipon,e84f50715b5508d1b713da8a941517958bb8523d1112202f0ad06f12cc402790,6,79500,2,1,162800,1/2,170000,61/15,7,79300,29000,108300,5562900,5704600,540000,0
62,variable_gap,missing_bill,none,7ccc53d7d942c0374a4f58de8c669491c02aba876e1315dee155105735f3c838,9,178200,1,0,5100,0,76500,0,0,150600,0,150600,5520000,5619400,0,0
62,variable_gap,missing_bill,fixed_10pct,7ccc53d7d942c0374a4f58de8c669491c02aba876e1315dee155105735f3c838,6,112700,1,0,400,0,162100,61/27,7,0,166000,166000,5520000,5604000,552000,0
62,variable_gap,missing_bill,ipon,7ccc53d7d942c0374a4f58de8c669491c02aba876e1315dee155105735f3c838,6,117800,1,1,0,1,176200,1519/540,7,0,184800,184800,5520000,5585200,602000,0
63,regular,missing_bill,none,16e4fc5f4e06b591468b63761e590822c62010df26ae7a307407c007f5f3c315,13,313000,4,0,665000,0,111200,0,0,71600,0,71600,5400000,5578400,0,0
63,regular,missing_bill,fixed_10pct,16e4fc5f4e06b591468b63761e590822c62010df26ae7a307407c007f5f3c315,10,240800,4,0,608100,0,254500,47/54,0,50800,35000,85800,5400000,5564200,540000,0
63,regular,missing_bill,ipon,16e4fc5f4e06b591468b63761e590822c62010df26ae7a307407c007f5f3c315,12,270300,4,0,602300,0,224800,157/270,0,57800,22000,79800,5400000,5570200,263000,0
64,variable_amount,missing_bill,none,dcad14121879aa2f2e0df118ca6bae207ce02120459c36f2fd8799e0873af71b,11,210500,1,1,0,1,90900,0,0,73600,0,73600,5340700,5517100,0,0
64,variable_amount,missing_bill,fixed_10pct,dcad14121879aa2f2e0df118ca6bae207ce02120459c36f2fd8799e0873af71b,8,133540,1,1,0,1,174560,1403/900,0,31650,48650,80300,5340700,5510400,534070,0
64,variable_amount,missing_bill,ipon,dcad14121879aa2f2e0df118ca6bae207ce02120459c36f2fd8799e0873af71b,8,152200,1,1,0,1,155900,89/54,0,41800,38500,80300,5340700,5510400,426500,0
65,variable_gap,missing_bill,none,5811941e2694aff90cba21834f2021a41021e8af1b4a622e974be1984c150716,11,219100,3,1,131500,1/3,78400,0,0,93300,0,93300,5760000,5916700,0,0
65,variable_gap,missing_bill,fixed_10pct,5811941e2694aff90cba21834f2021a41021e8af1b4a622e974be1984c150716,9,143700,3,1,111700,1/3,177300,409/270,0,79600,17400,97000,5760000,5913000,576000,0
65,variable_gap,missing_bill,ipon,5811941e2694aff90cba21834f2021a41021e8af1b4a622e974be1984c150716,8,157100,3,1,103500,1/3,171700,85/54,0,86600,10000,96600,5760000,5913400,622000,0
66,regular,missing_bill,none,d1f75f2b085978fc46bbd0c3d7aac7f6d4ef6d59663981cc7c202207b12738f4,19,407800,5,1,888900,1/5,123200,0,0,65000,0,65000,5400000,5585000,0,0
66,regular,missing_bill,fixed_10pct,d1f75f2b085978fc46bbd0c3d7aac7f6d4ef6d59663981cc7c202207b12738f4,15,324200,5,1,837700,1/5,285700,29/45,0,48400,44300,92700,5400000,5557300,540000,0
66,regular,missing_bill,ipon,d1f75f2b085978fc46bbd0c3d7aac7f6d4ef6d59663981cc7c202207b12738f4,16,361100,5,1,852100,1/5,222100,10/27,0,55400,25000,80400,5400000,5569600,210000,0
67,variable_amount,missing_bill,none,e6be363f1f96c8f2f060f33ccef19ff90a9fc4ff0ece4b04deed4d474fad07e4,13,307000,2,1,214500,1/2,88000,0,0,96300,0,96300,5366300,5520000,0,0
67,variable_amount,missing_bill,fixed_10pct,e6be363f1f96c8f2f060f33ccef19ff90a9fc4ff0ece4b04deed4d474fad07e4,10,226270,2,1,214500,1/2,187450,1133/675,0,64970,50050,115020,5366300,5501280,536630,0
67,variable_amount,missing_bill,ipon,e6be363f1f96c8f2f060f33ccef19ff90a9fc4ff0ece4b04deed4d474fad07e4,10,231100,2,1,214500,1/2,180500,107/54,0,64000,48900,112900,5366300,5503400,437000,0
68,variable_gap,missing_bill,none,f51a8a4a04829e5116787753e57d3a6d337c36a397fb117ce121323298c0dcf3,13,276600,3,1,413600,1/3,79500,50/27,0,61800,0,61800,5400000,5588200,0,0
68,variable_gap,missing_bill,fixed_10pct,f51a8a4a04829e5116787753e57d3a6d337c36a397fb117ce121323298c0dcf3,12,229400,3,1,356400,1/3,183900,2039/540,7,49800,12000,61800,5400000,5588200,540000,0
68,variable_gap,missing_bill,ipon,f51a8a4a04829e5116787753e57d3a6d337c36a397fb117ce121323298c0dcf3,12,238100,3,1,368700,1/3,162900,121/30,0,56800,5000,61800,5400000,5588200,438500,0
69,regular,missing_bill,none,995cf6abb8ff2342bc3169a132f4e1f9e83f780b131f836296fb4064feb71dd8,13,294600,5,1,649300,1/5,115100,0,0,66500,0,66500,5400000,5583500,0,0
69,regular,missing_bill,fixed_10pct,995cf6abb8ff2342bc3169a132f4e1f9e83f780b131f836296fb4064feb71dd8,12,238800,5,1,583400,1/5,253400,239/270,0,48000,35100,83100,5400000,5566900,540000,0
69,regular,missing_bill,ipon,995cf6abb8ff2342bc3169a132f4e1f9e83f780b131f836296fb4064feb71dd8,12,247200,5,1,604300,1/5,218400,77/135,0,55000,22400,77400,5400000,5572600,269000,0
70,variable_amount,missing_bill,none,c693f3a67b8cd0da57cfa213cf12b18d554cfe72fbc357f765452413f027501d,24,404700,2,0,186700,0,145700,0,0,56500,0,56500,5074700,5268200,0,0
70,variable_amount,missing_bill,fixed_10pct,c693f3a67b8cd0da57cfa213cf12b18d554cfe72fbc357f765452413f027501d,22,352490,2,0,156610,0,240440,2137/2700,0,28310,40630,68940,5074700,5255760,507470,0
70,variable_amount,missing_bill,ipon,c693f3a67b8cd0da57cfa213cf12b18d554cfe72fbc357f765452413f027501d,19,348400,2,0,164800,0,229100,5/6,0,39200,22500,61700,5074700,5263000,331000,0
71,variable_gap,missing_bill,none,20b5408f6c15d6b1a6e13ef47f4f1ae8ec4f27bac51145e556a075723456dff8,29,703200,5,2,283300,2/5,198400,0,0,146200,0,146200,5160000,5263800,0,0
71,variable_gap,missing_bill,fixed_10pct,20b5408f6c15d6b1a6e13ef47f4f1ae8ec4f27bac51145e556a075723456dff8,27,625400,5,2,270600,2/5,288900,118/135,0,122200,24000,146200,5160000,5263800,516000,0
71,variable_gap,missing_bill,ipon,20b5408f6c15d6b1a6e13ef47f4f1ae8ec4f27bac51145e556a075723456dff8,27,664800,5,2,270200,2/5,249900,5/27,0,126700,19500,146200,5160000,5263800,248500,0
72,regular,missing_bill,none,21f28f03f84559bbabdd93baba5d7b9320eee3bbee1431b7555eeda153d7851d,9,201300,2,1,232200,1/2,70400,0,0,72700,0,72700,5400000,5577300,0,0
72,regular,missing_bill,fixed_10pct,21f28f03f84559bbabdd93baba5d7b9320eee3bbee1431b7555eeda153d7851d,5,106400,2,1,207900,1/2,206000,173/135,0,45600,43500,89100,5400000,5560900,540000,0
72,regular,missing_bill,ipon,21f28f03f84559bbabdd93baba5d7b9320eee3bbee1431b7555eeda153d7851d,8,139300,2,1,216300,1/2,153200,199/270,0,52600,25000,77600,5400000,5572400,263500,0
73,variable_amount,missing_bill,none,54ef043c8c86d6e18b1d9b9a3c9eb1c9c3ffa4535e68bcb25471183fa9c42f1c,22,503000,3,1,260700,1/3,125700,0,0,78200,0,78200,5452500,5624300,0,0
73,variable_amount,missing_bill,fixed_10pct,54ef043c8c86d6e18b1d9b9a3c9eb1c9c3ffa4535e68bcb25471183fa9c42f1c,21,417950,3,1,248310,1/3,223140,641/675,0,64700,13500,78200,5452500,5624300,545250,0
73,variable_amount,missing_bill,ipon,54ef043c8c86d6e18b1d9b9a3c9eb1c9c3ffa4535e68bcb25471183fa9c42f1c,21,437700,3,1,251100,1/3,200600,26/27,0,65700,12500,78200,5452500,5624300,462000,0
74,variable_gap,missing_bill,none,6ef014d4674c70123533e6c01c147fab0c34f395981c0b60a40f9daafb5129f7,20,479900,9,1,1127500,1/9,140800,0,0,0,0,0,5400000,5650000,0,0
74,variable_gap,missing_bill,fixed_10pct,6ef014d4674c70123533e6c01c147fab0c34f395981c0b60a40f9daafb5129f7,20,421500,9,1,1100000,1/9,226700,8/9,0,0,0,0,5400000,5650000,540000,0
74,variable_gap,missing_bill,ipon,6ef014d4674c70123533e6c01c147fab0c34f395981c0b60a40f9daafb5129f7,20,444000,9,1,1086800,1/9,217400,10/27,0,0,0,0,5400000,5650000,506500,0
75,regular,missing_bill,none,bcdc3cfc217115dc3b2f55b6bcee10e7bd22634d5aa9b8333c562ee016a2e803,23,518700,4,0,680800,0,140600,0,0,64000,0,64000,5400000,5586000,0,0
75,regular,missing_bill,fixed_10pct,bcdc3cfc217115dc3b2f55b6bcee10e7bd22634d5aa9b8333c562ee016a2e803,19,410700,4,0,655100,0,281900,26/45,0,50700,20900,71600,5400000,5578400,540000,0
75,regular,missing_bill,ipon,bcdc3cfc217115dc3b2f55b6bcee10e7bd22634d5aa9b8333c562ee016a2e803,21,455900,4,0,661200,0,228200,73/270,0,57700,11500,69200,5400000,5580800,234000,0
76,variable_amount,missing_bill,none,89ee71c3e4922d59b2d14984f7690a8f17544e05784329f21d75b12a695c42d9,20,409000,3,1,45600,1/3,108400,0,0,0,0,0,5555400,5805400,0,0
76,variable_amount,missing_bill,fixed_10pct,89ee71c3e4922d59b2d14984f7690a8f17544e05784329f21d75b12a695c42d9,17,345580,3,1,28400,1/3,189020,796/675,0,0,0,0,5555400,5805400,555540,0
76,variable_amount,missing_bill,ipon,89ee71c3e4922d59b2d14984f7690a8f17544e05784329f21d75b12a695c42d9,17,358500,3,1,24400,1/3,180100,29/18,7,0,0,0,5555400,5805400,568000,0
77,variable_gap,missing_bill,none,8e5a8f84675832928d2be5b4c18263f45aa7c337070276f7545e3a6a529b84f9,25,571100,4,2,501100,1/2,170100,0,0,184100,0,184100,5280000,5345900,0,0
77,variable_gap,missing_bill,fixed_10pct,8e5a8f84675832928d2be5b4c18263f45aa7c337070276f7545e3a6a529b84f9,24,497600,4,2,490400,1/2,263900,62/135,0,78500,115200,193700,5280000,5336300,528000,0
77,variable_gap,missing_bill,ipon,8e5a8f84675832928d2be5b4c18263f45aa7c337070276f7545e3a6a529b84f9,24,539600,4,2,491300,1/2,227700,5/27,0,91400,109000,200400,5280000,5329600,293500,0
78,regular,missing_bill,none,fe0a826deed911d7ecdef641f0b1ccfc215968486e51893426a68912b07724a6,18,443600,6,2,325600,1/3,127200,0,0,60400,0,60400,5400000,5589600,0,0
78,regular,missing_bill,fixed_10pct,fe0a826deed911d7ecdef641f0b1ccfc215968486e51893426a68912b07724a6,14,352600,6,2,297200,1/3,269300,41/60,0,48400,34700,83100,5400000,5566900,540000,0
78,regular,missing_bill,ipon,fe0a826deed911d7ecdef641f0b1ccfc215968486e51893426a68912b07724a6,14,384500,6,2,309000,1/3,219600,10/27,0,55400,21700,77100,5400000,5572900,233000,0
79,variable_amount,missing_bill,none,1a6b2bc3fd01ef2f693212b70f91a372c26712e8bc31115cbaf2b9c2459ad919,8,175200,1,0,121500,0,55800,107/90,0,68500,0,68500,5308700,5490200,0,0
79,variable_amount,missing_bill,fixed_10pct,1a6b2bc3fd01ef2f693212b70f91a372c26712e8bc31115cbaf2b9c2459ad919,4,88710,1,0,121500,0,142290,4981/1800,7,55500,13000,68500,5308700,5490200,530870,0
79,variable_amount,missing_bill,ipon,1a6b2bc3fd01ef2f693212b70f91a372c26712e8bc31115cbaf2b9c2459ad919,4,102800,1,0,121500,0,128200,76/27,0,58500,10000,68500,5308700,5490200,378500,0
80,variable_gap,missing_bill,none,d438bfc113d1267e34e3f7a7844b9bdb37b7cd93a2e75a286f17b7af6f08c447,12,320300,4,1,117600,1/4,93600,0,0,170300,0,170300,5400000,5479700,0,0
80,variable_gap,missing_bill,fixed_10pct,d438bfc113d1267e34e3f7a7844b9bdb37b7cd93a2e75a286f17b7af6f08c447,12,258700,4,1,117600,1/4,191400,328/135,0,78200,128300,206500,5400000,5443500,540000,0
80,variable_gap,missing_bill,ipon,d438bfc113d1267e34e3f7a7844b9bdb37b7cd93a2e75a286f17b7af6f08c447,11,261200,4,1,117600,1/4,186200,359/135,0,85200,118600,203800,5400000,5446200,458000,0
81,regular,missing_bill,none,a454a9ae14a011b190d024bf70c75d13de0bcd5d8ee4f9c5a2a740fbe620491d,15,290400,5,1,314000,1/5,103100,0,0,60600,0,60600,5400000,5589400,0,0
81,regular,missing_bill,fixed_10pct,a454a9ae14a011b190d024bf70c75d13de0bcd5d8ee4f9c5a2a740fbe620491d,9,165100,5,2,294300,2/5,248100,154/135,0,48600,12000,60600,5400000,5589400,540000,0
81,regular,missing_bill,ipon,a454a9ae14a011b190d024bf70c75d13de0bcd5d8ee4f9c5a2a740fbe620491d,9,186000,5,2,297400,2/5,224100,197/270,0,55600,5000,60600,5400000,5589400,256500,0
82,variable_amount,missing_bill,none,dec9c879cd4062816ef7996ee8ea6a932fb8fe4d2b342c61cffb71f0186a3a60,22,400300,4,2,261600,1/2,139000,0,0,8100,0,8100,5456400,5698300,0,0
82,variable_amount,missing_bill,fixed_10pct,dec9c879cd4062816ef7996ee8ea6a932fb8fe4d2b342c61cffb71f0186a3a60,20,319100,4,2,261600,1/2,220200,677/675,0,1600,6500,8100,5456400,5698300,545640,0
82,variable_amount,missing_bill,ipon,dec9c879cd4062816ef7996ee8ea6a932fb8fe4d2b342c61cffb71f0186a3a60,21,341800,4,2,261600,1/2,197500,299/270,7,8100,0,8100,5456400,5698300,480000,0
83,variable_gap,missing_bill,none,faf3a092871b0e3477b8b98a44881dba7bbf014491ef165d7e071a4bebec74a4,40,1013700,2,1,146800,1/2,240200,0,0,60800,0,60800,4560000,4749200,0,0
83,variable_gap,missing_bill,fixed_10pct,faf3a092871b0e3477b8b98a44881dba7bbf014491ef165d7e071a4bebec74a4,39,924500,2,1,141100,1/2,335100,4/9,0,36800,24000,60800,4560000,4749200,456000,0
83,variable_gap,missing_bill,ipon,faf3a092871b0e3477b8b98a44881dba7bbf014491ef165d7e071a4bebec74a4,40,993400,2,1,141100,1/2,266200,0,0,53300,7500,60800,4560000,4749200,165500,0
84,regular,missing_bill,none,e9e6acf88ea326114db91d279492ec17d797ab4d894ca74f6694a46f39e42a1c,9,156100,2,1,136800,1/2,71700,0,0,63700,0,63700,5400000,5586300,0,0
84,regular,missing_bill,fixed_10pct,e9e6acf88ea326114db91d279492ec17d797ab4d894ca74f6694a46f39e42a1c,4,25500,2,1,112200,1/2,240500,307/270,0,51700,25600,77300,5400000,5572700,540000,0
84,regular,missing_bill,ipon,e9e6acf88ea326114db91d279492ec17d797ab4d894ca74f6694a46f39e42a1c,5,84900,2,1,118100,1/2,175200,94/135,0,58700,18600,77300,5400000,5572700,261500,0
85,variable_amount,missing_bill,none,4ad9d66a1dcc050204d16814f33a339ba73e1c8c610e6d6e361e80d4190ff6e0,18,303300,2,1,244900,1/2,129500,0,0,23700,0,23700,5361400,5587700,0,0
85,variable_amount,missing_bill,fixed_10pct,4ad9d66a1dcc050204d16814f33a339ba73e1c8c610e6d6e361e80d4190ff6e0,17,232260,2,1,225700,1/2,219740,117/100,0,15090,8610,23700,5361400,5587700,536140,0
85,variable_amount,missing_bill,ipon,4ad9d66a1dcc050204d16814f33a339ba73e1c8c610e6d6e361e80d4190ff6e0,17,229400,2,1,223400,1/2,224900,35/27,0,23700,0,23700,5361400,5587700,473500,0
86,variable_gap,missing_bill,none,d700ceb20c95cb1c0c8f6a496d6a3cee7f6243a5eca5ca9980af53071a61310d,12,267800,1,0,34700,0,68600,0,0,92700,0,92700,5520000,5677300,0,0
86,variable_gap,missing_bill,fixed_10pct,d700ceb20c95cb1c0c8f6a496d6a3cee7f6243a5eca5ca9980af53071a61310d,11,219400,1,0,6400,0,145300,173/90,0,56700,36000,92700,5520000,5677300,552000,0
86,variable_gap,missing_bill,ipon,d700ceb20c95cb1c0c8f6a496d6a3cee7f6243a5eca5ca9980af53071a61310d,10,215200,1,1,0,1,155900,13/6,7,41200,51500,92700,5520000,5677300,568000,0
87,regular,missing_bill,none,e8d29fed4d4299e2a47719aacb931ba9a31593425bae804d069f784a3f1aeac8,9,194500,2,0,278000,0,89700,97/270,0,60400,0,60400,5400000,5589600,0,0
87,regular,missing_bill,fixed_10pct,e8d29fed4d4299e2a47719aacb931ba9a31593425bae804d069f784a3f1aeac8,6,126600,2,0,207100,0,238800,563/180,0,48400,22300,70700,5400000,5579300,540000,0
87,regular,missing_bill,ipon,e8d29fed4d4299e2a47719aacb931ba9a31593425bae804d069f784a3f1aeac8,6,137000,2,0,216000,0,219500,839/270,0,55400,15300,70700,5400000,5579300,263000,0
88,variable_amount,missing_bill,none,be0b1f5121ffae9faa7fa920f4cd9c27747ce4ff3d7f40e1875bfea3a3630e44,20,379100,2,0,173500,0,105900,0,0,266800,0,266800,5579800,5563000,0,0
88,variable_amount,missing_bill,fixed_10pct,be0b1f5121ffae9faa7fa920f4cd9c27747ce4ff3d7f40e1875bfea3a3630e44,19,352510,2,0,173500,0,197810,769/300,0,143790,188330,332120,5579800,5497680,557980,0
88,variable_amount,missing_bill,ipon,be0b1f5121ffae9faa7fa920f4cd9c27747ce4ff3d7f40e1875bfea3a3630e44,19,367200,2,0,173500,0,176100,80/27,0,150500,174600,325100,5579800,5504700,460500,0
89,variable_gap,missing_bill,none,813209fa7432695ce594af450d77eb95a2cd1710ddc4614c16bea3d7c88b424a,33,780800,0,0,0,,193300,0,0,58600,0,58600,4560000,4751400,0,0
89,variable_gap,missing_bill,fixed_10pct,813209fa7432695ce594af450d77eb95a2cd1710ddc4614c16bea3d7c88b424a,33,691800,0,0,0,,291800,4/9,0,46600,21500,68100,4560000,4741900,456000,0
89,variable_gap,missing_bill,ipon,813209fa7432695ce594af450d77eb95a2cd1710ddc4614c16bea3d7c88b424a,33,750900,0,0,0,,232700,0,0,58600,9500,68100,4560000,4741900,171500,0
0,regular,higher_essentials,none,46dab88b9f9eee08ba41f5987e3407f4d5a87f8d3860a5dd701d4e1ac29474af,41,740200,3,2,140500,2/3,235600,0,0,0,0,0,5400000,5650000,0,0
0,regular,higher_essentials,fixed_10pct,46dab88b9f9eee08ba41f5987e3407f4d5a87f8d3860a5dd701d4e1ac29474af,40,721700,3,2,117700,2/3,276900,4/9,0,0,0,0,5400000,5650000,540000,0
0,regular,higher_essentials,ipon,46dab88b9f9eee08ba41f5987e3407f4d5a87f8d3860a5dd701d4e1ac29474af,40,730800,3,2,126900,2/3,258600,5/27,0,0,0,0,5400000,5650000,240500,0
1,variable_amount,higher_essentials,none,0a1414daedbb0eb446937a560417db8ead7c8cfd0992fc57981a190467938516,43,1057800,5,0,571900,0,230400,0,0,14800,0,14800,4928200,5163400,0,0
1,variable_amount,higher_essentials,fixed_10pct,0a1414daedbb0eb446937a560417db8ead7c8cfd0992fc57981a190467938516,42,995070,5,0,566100,0,306470,2989/5400,0,0,22340,22340,4928200,5155860,492820,0
1,variable_amount,higher_essentials,ipon,0a1414daedbb0eb446937a560417db8ead7c8cfd0992fc57981a190467938516,42,1005400,5,0,566100,0,292600,11/27,0,2500,16300,18800,4928200,5159400,286000,0
2,variable_gap,higher_essentials,none,2b8e7dedd9976596eb54670f3dde4e780792170385124f9d68768253494ad848,35,981300,2,1,96400,1/2,191700,188/135,0,0,0,0,5160000,5410000,0,0
2,variable_gap,higher_essentials,fixed_10pct,2b8e7dedd9976596eb54670f3dde4e780792170385124f9d68768253494ad848,33,925100,2,1,96000,1/2,248300,302/135,7,0,0,0,5160000,5410000,516000,0
2,variable_gap,higher_essentials,ipon,2b8e7dedd9976596eb54670f3dde4e780792170385124f9d68768253494ad848,33,938500,2,1,86200,1/2,244700,328/135,0,0,0,0,5160000,5410000,370500,0
3,regular,higher_essentials,none,765ca4dadd742e89f522cd9ec8ca15876285b9b04cb602bed1ad9a593553a6a1,39,703200,1,1,0,1,211500,0,0,51100,0,51100,5400000,5598900,0,0
3,regular,higher_essentials,fixed_10pct,765ca4dadd742e89f522cd9ec8ca15876285b9b04cb602bed1ad9a593553a6a1,37,676900,1,1,0,1,237800,4/9,0,39100,12000,51100,5400000,5598900,540000,0
3,regular,higher_essentials,ipon,765ca4dadd742e89f522cd9ec8ca15876285b9b04cb602bed1ad9a593553a6a1,37,679600,1,1,0,1,235100,5/27,0,46100,5000,51100,5400000,5598900,251000,0
4,variable_amount,higher_essentials,none,c365546f318265392cd1aaf46d268741802fceb8fb976c4e08abaf9d531af48a,36,799300,3,0,624800,0,198500,0,0,0,0,0,5403200,5653200,0,0
4,variable_amount,higher_essentials,fixed_10pct,c365546f318265392cd1aaf46d268741802fceb8fb976c4e08abaf9d531af48a,35,731800,3,0,614100,0,276700,3089/5400,0,0,0,0,5403200,5653200,540320,0
4,variable_amount,higher_essentials,ipon,c365546f318265392cd1aaf46d268741802fceb8fb976c4e08abaf9d531af48a,35,751400,3,0,599700,0,271500,88/135,0,0,0,0,5403200,5653200,406500,0
5,variable_gap,higher_essentials,none,d300d162e8facb98c1626e964b1e614c87febced370c96536e44823117d409bc,36,924500,6,2,403300,1/3,210400,0,0,0,0,0,5640000,5890000,0,0
5,variable_gap,higher_essentials,fixed_10pct,d300d162e8facb98c1626e964b1e614c87febced370c96536e44823117d409bc,34,864700,6,2,403300,1/3,270200,8/9,0,0,0,0,5640000,5890000,564000,0
5,variable_gap,higher_essentials,ipon,d300d162e8facb98c1626e964b1e614c87febced370c96536e44823117d409bc,32,832000,6,2,396400,1/3,309800,5/6,0,0,0,0,5640000,5890000,600500,0
6,regular,higher_essentials,none,6b1b2bc37667550649cd4cfb0b0c3c1ed7adeb14b63cb568efec6a07bbeb738f,33,646800,2,0,171600,0,204200,0,0,44500,0,44500,5400000,5605500,0,0
6,regular,higher_essentials,fixed_10pct,6b1b2bc37667550649cd4cfb0b0c3c1ed7adeb14b63cb568efec6a07bbeb738f,31,583600,2,0,171600,0,267400,4/9,0,32500,12000,44500,5400000,5605500,540000,0
6,regular,higher_essentials,ipon,6b1b2bc37667550649cd4cfb0b0c3c1ed7adeb14b63cb568efec6a07bbeb738f,30,589100,2,0,171600,0,261900,5/27,0,39500,5000,44500,5400000,5605500,254000,0
7,variable_amount,higher_essentials,none,2a5f39c9cc2b3581223678a23568a533b4e4eb66fae20fbf1ff4c439c4fce87e,45,1155000,4,1,633800,1/4,264600,0,0,40300,0,40300,5028800,5238500,0,0
7,variable_amount,higher_essentials,fixed_10pct,2a5f39c9cc2b3581223678a23568a533b4e4eb66fae20fbf1ff4c439c4fce87e,44,1060090,4,1,633800,1/4,359510,1111/2700,0,29190,11110,40300,5028800,5238500,502880,0
7,variable_amount,higher_essentials,ipon,2a5f39c9cc2b3581223678a23568a533b4e4eb66fae20fbf1ff4c439c4fce87e,44,1085700,4,1,628300,1/4,339400,1/60,0,40300,0,40300,5028800,5238500,294500,0
8,variable_gap,higher_essentials,none,c649a287433ebc124061221db2487aa41f02960a3a17b7114091d93a014c7d61,50,1301000,2,0,338400,0,280000,0,0,0,0,0,4800000,5050000,0,0
8,variable_gap,higher_essentials,fixed_10pct,c649a287433ebc124061221db2487aa41f02960a3a17b7114091d93a014c7d61,50,1251700,2,0,338400,0,329300,4/9,0,0,0,0,4800000,5050000,480000,0
8,variable_gap,higher_essentials,ipon,c649a287433ebc124061221db2487aa41f02960a3a17b7114091d93a014c7d61,50,1275200,2,0,338400,0,305800,0,0,0,0,0,4800000,5050000,131000,0
9,regular,higher_essentials,none,2957cf3753eb197734a3f7f67bef6a87f70f5bb348aecf1b16cca39948b1b9dc,32,609800,3,0,562400,0,176900,0,0,51200,0,51200,5400000,5598800,0,0
9,regular,higher_essentials,fixed_10pct,2957cf3753eb197734a3f7f67bef6a87f70f5bb348aecf1b16cca39948b1b9dc,30,558000,3,0,562400,0,228700,4/9,0,39200,12000,51200,5400000,5598800,540000,0
9,regular,higher_essentials,ipon,2957cf3753eb197734a3f7f67bef6a87f70f5bb348aecf1b16cca39948b1b9dc,30,556300,3,0,562400,0,230400,5/27,0,46200,5000,51200,5400000,5598800,250000,0
10,variable_amount,higher_essentials,none,361e9f9a7f0a47212f459d4bf63d6d9b892af0b6d9ba27865a6f96f8cb5e9535,32,694500,6,1,954100,1/6,197900,0,0,74700,0,74700,5542000,5717300,0,0
10,variable_amount,higher_essentials,fixed_10pct,361e9f9a7f0a47212f459d4bf63d6d9b892af0b6d9ba27865a6f96f8cb5e9535,28,615540,6,1,954100,1/6,282660,1219/1350,0,56120,24380,80500,5542000,5711500,554200,0
10,variable_amount,higher_essentials,ipon,361e9f9a7f0a47212f459d4bf63d6d9b892af0b6d9ba27865a6f96f8cb5e9535,31,652400,6,1,950100,1/6,249800,119/108,7,55200,25300,80500,5542000,5711500,405500,0
11,variable_gap,higher_essentials,none,889dc39b13eb4536fe6f0caac8bb99bec6955e26c523011417d588ee89ed4e55,18,462500,1,0,277300,0,114300,217/270,0,58500,0,58500,5640000,5831500,0,0
11,variable_gap,higher_essentials,fixed_10pct,889dc39b13eb4536fe6f0caac8bb99bec6955e26c523011417d588ee89ed4e55,15,378900,1,0,277300,0,203000,62/27,0,36500,27100,63600,5640000,5826400,564000,0
11,variable_gap,higher_essentials,ipon,889dc39b13eb4536fe6f0caac8bb99bec6955e26c523011417d588ee89ed4e55,15,389300,1,0,277300,0,192600,191/90,7,43500,20100,63600,5640000,5826400,471000,0
12,regular,higher_essentials,none,0622750f71b5cb5ebf9b06dd200168e21a62d9eb44413e675c4bdc6402d540e5,31,608800,0,0,0,,158300,0,0,47700,0,47700,5400000,5602300,0,0
12,regular,higher_essentials,fixed_10pct,0622750f71b5cb5ebf9b06dd200168e21a62d9eb44413e675c4bdc6402d540e5,29,550500,0,0,0,,216600,4/9,0,35700,12000,47700,5400000,5602300,540000,0
12,regular,higher_essentials,ipon,0622750f71b5cb5ebf9b06dd200168e21a62d9eb44413e675c4bdc6402d540e5,29,564500,0,0,0,,202600,5/27,0,42700,5000,47700,5400000,5602300,252500,0
13,variable_amount,higher_essentials,none,7d458f02ac8fc03b7aed1cd7df59b63d1167ccb9e2c0e81b3dadc8cea0fa7d8a,31,838700,5,0,546200,0,175600,0,0,31600,0,31600,5395800,5614200,0,0
13,variable_amount,higher_essentials,fixed_10pct,7d458f02ac8fc03b7aed1cd7df59b63d1167ccb9e2c0e81b3dadc8cea0fa7d8a,31,766010,5,0,544670,0,249820,2977/5400,0,21280,10320,31600,5395800,5614200,539580,0
13,variable_amount,higher_essentials,ipon,7d458f02ac8fc03b7aed1cd7df59b63d1167ccb9e2c0e81b3dadc8cea0fa7d8a,31,795000,5,0,531900,0,233600,14/27,0,31600,0,31600,5395800,5614200,414500,0
14,variable_gap,higher_essentials,none,d5ef82ece53a025a284b10ae2f0ca0b47bc4a8684a1d8088c8ddfd17abb7036a,21,444700,4,3,266300,3/4,120600,0,0,183600,0,183600,6120000,6186400,0,0
14,variable_gap,higher_essentials,fixed_10pct,d5ef82ece53a025a284b10ae2f0ca0b47bc4a8684a1d8088c8ddfd17abb7036a,19,361500,4,3,255300,3/4,214800,4/3,0,123600,60000,183600,6120000,6186400,612000,0
14,variable_gap,higher_essentials,ipon,d5ef82ece53a025a284b10ae2f0ca0b47bc4a8684a1d8088c8ddfd17abb7036a,17,345400,4,3,231500,3/4,254700,481/270,0,69600,114000,183600,6120000,6186400,726000,0
15,regular,higher_essentials,none,6b7d7565eada377622c978f7befaf5d0d429e31620c3a21ba679c6a8c5609e07,45,949200,6,2,556600,1/3,257200,0,0,49600,0,49600,5400000,5600400,0,0
15,regular,higher_essentials,fixed_10pct,6b7d7565eada377622c978f7befaf5d0d429e31620c3a21ba679c6a8c5609e07,44,924100,6,2,543500,1/3,295400,4/9,0,37600,12000,49600,5400000,5600400,540000,0
15,regular,higher_essentials,ipon,6b7d7565eada377622c978f7befaf5d0d429e31620c3a21ba679c6a8c5609e07,44,933700,6,2,545700,1/3,283600,5/27,0,44600,5000,49600,5400000,5600400,223500,0
16,variable_amount,higher_essentials,none,43ca083139211c8c9a4e1dd6dd32127192df6ef8d8695418672ad15d8443893b,27,596000,2,1,269300,1/2,154600,0,0,45200,0,45200,5589300,5794100,0,0
16,variable_amount,higher_essentials,fixed_10pct,43ca083139211c8c9a4e1dd6dd32127192df6ef8d8695418672ad15d8443893b,25,508710,2,1,269300,1/2,243990,2603/2700,0,15810,31490,47300,5589300,5792000,558930,0
16,variable_amount,higher_essentials,ipon,43ca083139211c8c9a4e1dd6dd32127192df6ef8d8695418672ad15d8443893b,23,513100,2,1,269300,1/2,243600,61/54,0,23000,28300,51300,5589300,5788000,394500,0
17,variable_gap,higher_essentials,none,99ad42c087143396f7e5d34b0109d2fbf5a46faf546b88df0c1c5ce66710c100,26,642000,6,2,592700,1/3,156100,0,0,50700,0,50700,5760000,5959300,0,0
17,variable_gap,higher_essentials,fixed_10pct,99ad42c087143396f7e5d34b0109d2fbf5a46faf546b88df0c1c5ce66710c100,26,609700,6,2,592700,1/3,188400,223/135,7,14700,36000,50700,5760000,5959300,576000,0
17,variable_gap,higher_essentials,ipon,99ad42c087143396f7e5d34b0109d2fbf5a46faf546b88df0c1c5ce66710c100,26,615200,6,2,592700,1/3,185200,49/27,0,0,53000,53000,5760000,5957000,355500,0
18,regular,higher_essentials,none,b2fc6e16e2b0c3912a63b73556d8648f42ada6367517d5e42ad086691c1449ed,33,653000,4,0,566700,0,200000,0,0,0,0,0,5400000,5650000,0,0
18,regular,higher_essentials,fixed_10pct,b2fc6e16e2b0c3912a63b73556d8648f42ada6367517d5e42ad086691c1449ed,31,594700,4,0,566700,0,258300,4/9,0,0,0,0,5400000,5650000,540000,0
18,regular,higher_essentials,ipon,b2fc6e16e2b0c3912a63b73556d8648f42ada6367517d5e42ad086691c1449ed,31,601000,4,0,566700,0,252000,5/27,0,0,0,0,5400000,5650000,250500,0
19,variable_amount,higher_essentials,none,8688afc22b4f53f20278ceeee25dae84b91904533f88066b0353d4f35f22e7c1,30,600500,5,1,546900,1/5,172200,0,0,50200,0,50200,5678300,5878100,0,0
19,variable_amount,higher_essentials,fixed_10pct,8688afc22b4f53f20278ceeee25dae84b91904533f88066b0353d4f35f22e7c1,28,527550,5,1,546900,1/5,248950,2051/2700,0,35730,18270,54000,5678300,5874300,567830,0
19,variable_amount,higher_essentials,ipon,8688afc22b4f53f20278ceeee25dae84b91904533f88066b0353d4f35f22e7c1,28,536500,5,1,546900,1/5,240000,569/540,0,43600,10400,54000,5678300,5874300,490500,0
20,variable_gap,higher_essentials,none,344c8fd04e684221424b0c31f3697089e20d9cbf864abc16bfa9a17a7e42b390,35,878700,3,1,256000,1/3,188600,0,0,17200,0,17200,5400000,5632800,0,0
20,variable_gap,higher_essentials,fixed_10pct,344c8fd04e684221424b0c31f3697089e20d9cbf864abc16bfa9a17a7e42b390,34,828400,3,1,245900,1/3,249000,8/9,0,5200,12000,17200,5400000,5632800,540000,0
20,variable_gap,higher_essentials,ipon,344c8fd04e684221424b0c31f3697089e20d9cbf864abc16bfa9a17a7e42b390,33,824000,3,1,247000,1/3,252300,29/27,0,12200,5000,17200,5400000,5632800,474500,0
21,regular,higher_essentials,none,4152b9667ab4fe2558007182108356262b1c31ed7d860eedcfcc3c9fa21ad0c2,38,704400,3,0,550500,0,197200,0,0,49400,0,49400,5400000,5600600,0,0
21,regular,higher_essentials,fixed_10pct,4152b9667ab4fe2558007182108356262b1c31ed7d860eedcfcc3c9fa21ad0c2,37,688600,3,0,519400,0,244100,4/9,0,37400,12000,49400,5400000,5600600,540000,0
21,regular,higher_essentials,ipon,4152b9667ab4fe2558007182108356262b1c31ed7d860eedcfcc3c9fa21ad0c2,37,697800,3,0,512100,0,242200,5/27,0,44400,5000,49400,5400000,5600600,247500,0
22,variable_amount,higher_essentials,none,70cef688de324124508e1016997395b084cf34dad1b8158026ee23396a183664,32,753400,9,3,1031600,1/3,194200,0,0,99300,0,99300,5578600,5729300,0,0
22,variable_amount,higher_essentials,fixed_10pct,70cef688de324124508e1016997395b084cf34dad1b8158026ee23396a183664,31,688690,9,3,1018600,1/3,271910,3409/5400,0,82390,16910,99300,5578600,5729300,557860,0
22,variable_amount,higher_essentials,ipon,70cef688de324124508e1016997395b084cf34dad1b8158026ee23396a183664,28,685000,9,3,1012900,1/3,281300,41/54,0,69800,29500,99300,5578600,5729300,406000,0
23,variable_gap,higher_essentials,none,72196d1497f413dc321670619ef6c9151feb40935bd8c5b2316f3f001ff3bd6f,17,385000,3,2,149100,2/3,101600,0,0,154700,0,154700,6120000,6215300,0,0
23,variable_gap,higher_essentials,fixed_10pct,72196d1497f413dc321670619ef6c9151feb40935bd8c5b2316f3f001ff3bd6f,17,353600,3,2,105700,2/3,176400,61/27,7,82700,72000,154700,6120000,6215300,612000,0
23,variable_gap,higher_essentials,ipon,72196d1497f413dc321670619ef6c9151feb40935bd8c5b2316f3f001ff3bd6f,14,327600,3,2,114600,2/3,199000,181/54,0,68400,91800,160200,6120000,6209800,649000,0
24,regular,higher_essentials,none,98c7dbedf8a51354bbbaa8b8be9c1e8e125e78eb0e4d3731230bb21f98b7010f,37,707100,2,0,195700,0,185000,0,0,48700,0,48700,5400000,5601300,0,0
24,regular,higher_essentials,fixed_10pct,98c7dbedf8a51354bbbaa8b8be9c1e8e125e78eb0e4d3731230bb21f98b7010f,35,678400,2,0,183400,0,226000,4/9,0,36700,12000,48700,5400000,5601300,540000,0
24,regular,higher_essentials,ipon,98c7dbedf8a51354bbbaa8b8be9c1e8e125e78eb0e4d3731230bb21f98b7010f,36,690100,2,0,174100,0,223600,5/27,0,43700,5000,48700,5400000,5601300,250500,0
25,variable_amount,higher_essentials,none,277f624eaaafe5a4590ed19e45784b71cc9609683220e0de0736d0a671e48b1c,34,817300,5,1,383400,1/5,215300,0,0,51800,0,51800,5516700,5714900,0,0
25,variable_amount,higher_essentials,fixed_10pct,277f624eaaafe5a4590ed19e45784b71cc9609683220e0de0736d0a671e48b1c,32,752060,5,2,376800,2/5,287140,83/135,0,25410,26390,51800,5516700,5714900,551670,0
25,variable_amount,higher_essentials,ipon,277f624eaaafe5a4590ed19e45784b71cc9609683220e0de0736d0a671e48b1c,32,757900,5,2,371800,2/5,286300,1,0,20800,31000,51800,5516700,5714900,472000,0
26,variable_gap,higher_essentials,none,ce6f91f7f4b84fcc3cfb291dd6da1cc68ffe8d324c3b5a53d52ea767844c460d,32,710700,4,1,239800,1/4,175700,0,0,0,0,0,5520000,5770000,0,0
26,variable_gap,higher_essentials,fixed_10pct,ce6f91f7f4b84fcc3cfb291dd6da1cc68ffe8d324c3b5a53d52ea767844c460d,30,646300,4,1,239800,1/4,240100,8/9,0,0,0,0,5520000,5770000,552000,0
26,variable_gap,higher_essentials,ipon,ce6f91f7f4b84fcc3cfb291dd6da1cc68ffe8d324c3b5a53d52ea767844c460d,27,618700,4,1,239800,1/4,267700,115/108,0,0,0,0,5520000,5770000,553000,0
27,regular,higher_essentials,none,b737b979d93e7f578dabf78188957408ba6af04921b30cc18bf82e16bf105c0e,35,732700,4,1,285000,1/4,187000,0,0,46500,0,46500,5400000,5603500,0,0
27,regular,higher_essentials,fixed_10pct,b737b979d93e7f578dabf78188957408ba6af04921b30cc18bf82e16bf105c0e,33,676200,4,1,285000,1/4,243500,4/9,0,34500,12000,46500,5400000,5603500,540000,0
27,regular,higher_essentials,ipon,b737b979d93e7f578dabf78188957408ba6af04921b30cc18bf82e16bf105c0e,33,680200,4,1,285000,1/4,239500,5/27,0,41500,5000,46500,5400000,5603500,255000,0
28,variable_amount,higher_essentials,none,1be6ad3d446ed7562f686f881d2537c8c3da42735a12eb1c01ecc26719ebd7b5,40,847900,4,1,562200,1/4,228700,0,0,111400,0,111400,5411000,5549600,0,0
28,variable_amount,higher_essentials,fixed_10pct,1be6ad3d446ed7562f686f881d2537c8c3da42735a12eb1c01ecc26719ebd7b5,39,778970,4,1,551990,1/4,307840,1493/2700,0,79530,31870,111400,5411000,5549600,541100,0
28,variable_amount,higher_essentials,ipon,1be6ad3d446ed7562f686f881d2537c8c3da42735a12eb1c01ecc26719ebd7b5,38,791100,4,1,555400,1/4,295700,151/270,0,61400,53400,114800,5411000,5546200,361000,0
29,variable_gap,higher_essentials,none,e740b942f38fc097357ed7c22a168a7c8896fee188825b0e13f1303c24a98a86,43,1107900,2,2,0,1,225100,0,0,82100,0,82100,5280000,5447900,0,0
29,variable_gap,higher_essentials,fixed_10pct,e740b942f38fc097357ed7c22a168a7c8896fee188825b0e13f1303c24a98a86,41,1062400,2,2,0,1,270600,4/9,0,70100,12000,82100,5280000,5447900,528000,0
29,variable_gap,higher_essentials,ipon,e740b942f38fc097357ed7c22a168a7c8896fee188825b0e13f1303c24a98a86,41,1050500,2,2,0,1,282500,9/20,0,82100,0,82100,5280000,5447900,542000,0
30,regular,higher_essentials,none,1102983a665058359d2941c8abeab83e6614099fed4948d39b7618777988228f,32,592500,0,0,0,,189800,0,0,51500,0,51500,5400000,5598500,0,0
30,regular,higher_essentials,fixed_10pct,1102983a665058359d2941c8abeab83e6614099fed4948d39b7618777988228f,31,539400,0,0,0,,242900,4/9,0,39500,12000,51500,5400000,5598500,540000,0
30,regular,higher_essentials,ipon,1102983a665058359d2941c8abeab83e6614099fed4948d39b7618777988228f,31,548800,0,0,0,,233500,5/27,0,46500,5000,51500,5400000,5598500,239000,0
31,variable_amount,higher_essentials,none,f26eedd619ae89c332287bea3a83e3275ca674da21212892b759844309bbe7fd,29,729100,3,0,378200,0,177200,0,0,24800,0,24800,5427300,5652500,0,0
31,variable_amount,higher_essentials,fixed_10pct,f26eedd619ae89c332287bea3a83e3275ca674da21212892b759844309bbe7fd,28,618250,3,1,375000,1/3,291250,256/225,0,15310,9490,24800,5427300,5652500,542730,0
31,variable_amount,higher_essentials,ipon,f26eedd619ae89c332287bea3a83e3275ca674da21212892b759844309bbe7fd,28,638100,3,1,375000,1/3,271400,193/135,0,24800,0,24800,5427300,5652500,402000,0
32,variable_gap,higher_essentials,none,6afc1a7ec9f8327834e55f668f1c461029108b98f87f1db1a3727843bd9326b8,21,556500,3,1,303200,1/3,124200,0,0,48200,0,48200,5640000,5841800,0,0
32,variable_gap,higher_essentials,fixed_10pct,6afc1a7ec9f8327834e55f668f1c461029108b98f87f1db1a3727843bd9326b8,20,503300,3,1,303200,1/3,177400,152/135,0,36200,12000,48200,5640000,5841800,564000,0
32,variable_gap,higher_essentials,ipon,6afc1a7ec9f8327834e55f668f1c461029108b98f87f1db1a3727843bd9326b8,19,483400,3,1,303200,1/3,197300,23/18,7,43200,5000,48200,5640000,5841800,519000,0
33,regular,higher_essentials,none,94db08272b0a9aeac75d10536dbfbe70d44a1e38265eb4f9e2e42aad0927fa26,33,668900,3,0,435000,0,185500,0,0,50800,0,50800,5400000,5599200,0,0
33,regular,higher_essentials,fixed_10pct,94db08272b0a9aeac75d10536dbfbe70d44a1e38265eb4f9e2e42aad0927fa26,31,611400,3,0,435000,0,243000,4/9,0,38800,12000,50800,5400000,5599200,540000,0
33,regular,higher_essentials,ipon,94db08272b0a9aeac75d10536dbfbe70d44a1e38265eb4f9e2e42aad0927fa26,32,625800,3,0,435000,0,228600,5/27,0,45800,5000,50800,5400000,5599200,253000,0
34,variable_amount,higher_essentials,none,888550dccd61638f73612c3b75fd949cf4a571abed127b320f718c365cb15bcf,30,658900,1,0,300000,0,204400,0,0,95700,0,95700,5323900,5478200,0,0
34,variable_amount,higher_essentials,fixed_10pct,888550dccd61638f73612c3b75fd949cf4a571abed127b320f718c365cb15bcf,29,596840,1,0,300000,0,266460,823/1350,0,79280,16420,95700,5323900,5478200,532390,0
34,variable_amount,higher_essentials,ipon,888550dccd61638f73612c3b75fd949cf4a571abed127b320f718c365cb15bcf,28,599600,1,0,300000,0,263700,35/54,0,68700,27000,95700,5323900,5478200,342500,0
35,variable_gap,higher_essentials,none,578e52146081a3ec6e1156ced7c18cc933d09ad1fc2d66942397df5c2ab80685,33,860400,4,1,364900,1/4,223500,0,0,63600,0,63600,5280000,5466400,0,0
35,variable_gap,higher_essentials,fixed_10pct,578e52146081a3ec6e1156ced7c18cc933d09ad1fc2d66942397df5c2ab80685,33,803600,4,1,350100,1/4,295100,4/9,0,39600,24000,63600,5280000,5466400,528000,0
35,variable_gap,higher_essentials,ipon,578e52146081a3ec6e1156ced7c18cc933d09ad1fc2d66942397df5c2ab80685,32,810100,4,1,358000,1/4,280700,5/27,0,47100,16500,63600,5280000,5466400,441500,0
36,regular,higher_essentials,none,8aa2e6991cd97757e1fcf4eab2dd3a98c2564293efa061acf34ad7bd3038f6ec,34,650000,4,1,727700,1/4,182800,0,0,49800,0,49800,5400000,5600200,0,0
36,regular,higher_essentials,fixed_10pct,8aa2e6991cd97757e1fcf4eab2dd3a98c2564293efa061acf34ad7bd3038f6ec,32,618000,4,1,727700,1/4,214800,4/9,0,37800,12000,49800,5400000,5600200,540000,0
36,regular,higher_essentials,ipon,8aa2e6991cd97757e1fcf4eab2dd3a98c2564293efa061acf34ad7bd3038f6ec,32,620700,4,1,727700,1/4,212100,5/27,0,44800,5000,49800,5400000,5600200,258000,0
37,variable_amount,higher_essentials,none,dfde427dfdcfb445ecb114f12fcf35e5fc30d12a9e43048b84c25358dc5de236,28,706900,3,0,561700,0,153900,0,0,35100,0,35100,5375700,5590600,0,0
37,variable_amount,higher_essentials,fixed_10pct,dfde427dfdcfb445ecb114f12fcf35e5fc30d12a9e43048b84c25358dc5de236,26,614860,3,1,559900,1/3,247740,118/135,0,24340,10760,35100,5375700,5590600,537570,0
37,variable_amount,higher_essentials,ipon,dfde427dfdcfb445ecb114f12fcf35e5fc30d12a9e43048b84c25358dc5de236,26,640900,3,1,559900,1/3,221700,61/54,0,35100,0,35100,5375700,5590600,381000,0
38,variable_gap,higher_essentials,none,aa67d3af4bbba132b0e97f8cd1346a5445aadd3650dbbb93f1677dfd0f1c9081,39,980200,4,3,56100,3/4,214800,0,0,13100,0,13100,5400000,5636900,0,0
38,variable_gap,higher_essentials,fixed_10pct,aa67d3af4bbba132b0e97f8cd1346a5445aadd3650dbbb93f1677dfd0f1c9081,39,947200,4,3,56100,3/4,255100,4/9,0,1100,19300,20400,5400000,5629600,540000,0
38,variable_gap,higher_essentials,ipon,aa67d3af4bbba132b0e97f8cd1346a5445aadd3650dbbb93f1677dfd0f1c9081,39,947100,4,3,56100,3/4,255200,5/27,0,8100,12300,20400,5400000,5629600,412500,0
39,regular,higher_essentials,none,f40da2035f86fcfdc0abc3b1816b5a0f46655306d58ac1038a36381a7af70428,41,811600,6,2,556800,1/3,235600,0,0,51200,0,51200,5400000,5598800,0,0
39,regular,higher_essentials,fixed_10pct,f40da2035f86fcfdc0abc3b1816b5a0f46655306d58ac1038a36381a7af70428,38,749100,6,2,556800,1/3,298100,4/9,0,39200,12000,51200,5400000,5598800,540000,0
39,regular,higher_essentials,ipon,f40da2035f86fcfdc0abc3b1816b5a0f46655306d58ac1038a36381a7af70428,39,779600,6,2,556800,1/3,267600,5/27,0,46200,5000,51200,5400000,5598800,180000,0
40,variable_amount,higher_essentials,none,19adda92322e70d8262e4b59ce618c7136624af2ba70bf1fb46702bbfe7a24ff,37,884500,2,0,260900,0,201700,0,0,103000,0,103000,5218500,5365500,0,0
40,variable_amount,higher_essentials,fixed_10pct,19adda92322e70d8262e4b59ce618c7136624af2ba70bf1fb46702bbfe7a24ff,34,782380,2,0,259900,0,304820,509/900,0,85570,17430,103000,5218500,5365500,521850,0
40,variable_amount,higher_essentials,ipon,19adda92322e70d8262e4b59ce618c7136624af2ba70bf1fb46702bbfe7a24ff,37,829100,2,0,259900,0,258100,269/540,7,71000,32000,103000,5218500,5365500,354000,0
41,variable_gap,higher_essentials,none,3de77bc10f1c69309f06b5e47d4efa085d2c89e4ff1d03c727a7fc84899a0e2c,48,1233200,5,0,663100,0,277000,0,0,0,0,0,5040000,5290000,0,0
41,variable_gap,higher_essentials,fixed_10pct,3de77bc10f1c69309f06b5e47d4efa085d2c89e4ff1d03c727a7fc84899a0e2c,48,1216900,5,0,651600,0,304800,4/9,0,0,0,0,5040000,5290000,504000,0
41,variable_gap,higher_essentials,ipon,3de77bc10f1c69309f06b5e47d4efa085d2c89e4ff1d03c727a7fc84899a0e2c,48,1216800,5,0,641500,0,315000,5/27,0,0,0,0,5040000,5290000,354500,0
42,regular,higher_essentials,none,62fc10758a09d0f3ba5c83fab59bb1209b252ec8b52cd81ac11d1f8b0249f60a,35,603900,2,1,75000,1/2,193300,0,0,51200,0,51200,5400000,5598800,0,0
42,regular,higher_essentials,fixed_10pct,62fc10758a09d0f3ba5c83fab59bb1209b252ec8b52cd81ac11d1f8b0249f60a,32,560800,2,1,75000,1/2,236400,4/9,0,39200,12000,51200,5400000,5598800,540000,0
42,regular,higher_essentials,ipon,62fc10758a09d0f3ba5c83fab59bb1209b252ec8b52cd81ac11d1f8b0249f60a,32,572200,2,1,75000,1/2,225000,5/27,0,46200,5000,51200,5400000,5598800,247000,0
43,variable_amount,higher_essentials,none,62b6c058d06eb6d16fadd738e4cf7d7ce596c44446563b597fb2dde8df8c69b1,24,638600,3,2,131300,2/3,152200,0,0,40900,0,40900,5510900,5720000,0,0
43,variable_amount,higher_essentials,fixed_10pct,62b6c058d06eb6d16fadd738e4cf7d7ce596c44446563b597fb2dde8df8c69b1,22,527300,3,2,131300,2/3,263500,1061/900,0,29890,11010,40900,5510900,5720000,551090,0
43,variable_amount,higher_essentials,ipon,62b6c058d06eb6d16fadd738e4cf7d7ce596c44446563b597fb2dde8df8c69b1,23,547600,3,2,131300,2/3,243200,161/135,0,40900,0,40900,5510900,5720000,441000,0
44,variable_gap,higher_essentials,none,1111e39c8ac7b4619331fa80bac6d825c72f994812129b905e743da9907b2179,28,683400,0,0,0,,133700,0,0,98200,0,98200,5400000,5551800,0,0
44,variable_gap,higher_essentials,fixed_10pct,1111e39c8ac7b4619331fa80bac6d825c72f994812129b905e743da9907b2179,28,616300,0,0,0,,200800,8/9,0,74200,24000,98200,5400000,5551800,540000,0
44,variable_gap,higher_essentials,ipon,1111e39c8ac7b4619331fa80bac6d825c72f994812129b905e743da9907b2179,28,626900,0,0,0,,190200,67/135,0,83700,14500,98200,5400000,5551800,339000,0
45,regular,higher_essentials,none,eb9c9a417713057a1179be0dc2942470d1cc0c45bcd000df6c443a97d7cf7bdc,45,904700,3,0,239300,0,255800,0,0,50300,0,50300,5400000,5599700,0,0
45,regular,higher_essentials,fixed_10pct,eb9c9a417713057a1179be0dc2942470d1cc0c45bcd000df6c443a97d7cf7bdc,44,851400,3,0,231100,0,317300,4/9,0,38300,12000,50300,5400000,5599700,540000,0
45,regular,higher_essentials,ipon,eb9c9a417713057a1179be0dc2942470d1cc0c45bcd000df6c443a97d7cf7bdc,44,881800,3,0,233700,0,284300,5/27,0,45300,5000,50300,5400000,5599700,200000,0
46,variable_amount,higher_essentials,none,ed376e1116e26c7f14a1ebfea1b5061015b9686392c196db625e26a8fd332b81,28,739700,2,0,62300,0,174400,0,0,104700,0,104700,5463100,5608400,0,0
46,variable_amount,higher_essentials,fixed_10pct,ed376e1116e26c7f14a1ebfea1b5061015b9686392c196db625e26a8fd332b81,27,692300,2,0,20400,0,266810,313/300,0,62500,45310,107810,5463100,5605290,546310,0
46,variable_amount,higher_essentials,ipon,ed376e1116e26c7f14a1ebfea1b5061015b9686392c196db625e26a8fd332b81,27,713100,2,0,20600,0,250900,73/54,0,59500,53400,112900,5463100,5600200,434500,0
47,variable_gap,higher_essentials,none,ca9f1072d9d824c5f65ae29a6be3b94273679b15cc085694f89db5d07b7635df,25,587700,1,1,0,1,141700,0,0,50900,0,50900,5520000,5719100,0,0
47,variable_gap,higher_essentials,fixed_10pct,ca9f1072d9d824c5f65ae29a6be3b94273679b15cc085694f89db5d07b7635df,21,517200,1,1,0,1,212200,4/3,0,38900,12000,50900,5520000,5719100,552000,0
47,variable_gap,higher_essentials,ipon,ca9f1072d9d824c5f65ae29a6be3b94273679b15cc085694f89db5d07b7635df,21,474000,1,1,0,1,255400,277/135,7,45900,5000,50900,5520000,5719100,666000,0
48,regular,higher_essentials,none,cc963d5878dd4c3c90353de94ba7be91e15f18bfaebe9042a4d12fc1e4dc7784,35,701900,2,0,79000,0,188100,0,0,53200,0,53200,5400000,5596800,0,0
48,regular,higher_essentials,fixed_10pct,cc963d5878dd4c3c90353de94ba7be91e15f18bfaebe9042a4d12fc1e4dc7784,33,647300,2,0,79000,0,242700,4/9,0,41200,12000,53200,5400000,5596800,540000,0
48,regular,higher_essentials,ipon,cc963d5878dd4c3c90353de94ba7be91e15f18bfaebe9042a4d12fc1e4dc7784,33,649100,2,0,79000,0,240900,5/27,0,48200,5000,53200,5400000,5596800,248500,0
49,variable_amount,higher_essentials,none,c5a825cacf844c929451eb96bc504cb3355fa2ce70821f181e521868c8fdaa4a,31,786600,3,1,409800,1/3,186000,0,0,55100,0,55100,5319500,5514400,0,0
49,variable_amount,higher_essentials,fixed_10pct,c5a825cacf844c929451eb96bc504cb3355fa2ce70821f181e521868c8fdaa4a,30,699830,3,1,408300,1/3,274270,1747/2700,0,29500,25600,55100,5319500,5514400,531950,0
49,variable_amount,higher_essentials,ipon,c5a825cacf844c929451eb96bc504cb3355fa2ce70821f181e521868c8fdaa4a,30,699600,3,1,408300,1/3,274500,17/18,0,31100,24000,55100,5319500,5514400,427000,0
50,variable_gap,higher_essentials,none,44029dae96098a30e7de96c49559ae0a5d4e4f01656ba6c08c4a5bcc4214dbc5,19,525800,3,1,107100,1/3,101700,50/27,0,18600,0,18600,5760000,5991400,0,0
50,variable_gap,higher_essentials,fixed_10pct,44029dae96098a30e7de96c49559ae0a5d4e4f01656ba6c08c4a5bcc4214dbc5,16,462100,3,1,107100,1/3,165400,170/27,7,6600,12000,18600,5760000,5991400,576000,0
50,variable_gap,higher_essentials,ipon,44029dae96098a30e7de96c49559ae0a5d4e4f01656ba6c08c4a5bcc4214dbc5,16,465200,3,1,107100,1/3,162300,91/10,7,13600,5000,18600,5760000,5991400,501000,0
51,regular,higher_essentials,none,cc7f5f367154ea850e5d4550822e25d4fc5bc05d4369790bef2f8b0a442cae11,39,741300,1,0,117200,0,208800,0,0,52500,0,52500,5400000,5597500,0,0
51,regular,higher_essentials,fixed_10pct,cc7f5f367154ea850e5d4550822e25d4fc5bc05d4369790bef2f8b0a442cae11,38,705600,1,0,117200,0,244500,4/9,0,40500,12000,52500,5400000,5597500,540000,0
51,regular,higher_essentials,ipon,cc7f5f367154ea850e5d4550822e25d4fc5bc05d4369790bef2f8b0a442cae11,38,717700,1,0,110200,0,239400,5/27,0,47500,5000,52500,5400000,5597500,238000,0
52,variable_amount,higher_essentials,none,48bfea3d867b0866c6f58cc2be8f844c01dbbd41b9d1202b0493a63470b6e06a,39,996600,3,1,542900,1/3,230900,0,0,6900,0,6900,5062700,5305800,0,0
52,variable_amount,higher_essentials,fixed_10pct,48bfea3d867b0866c6f58cc2be8f844c01dbbd41b9d1202b0493a63470b6e06a,38,932270,3,1,533830,1/3,305230,977/1800,0,0,7830,7830,5062700,5304870,506270,0
52,variable_amount,higher_essentials,ipon,48bfea3d867b0866c6f58cc2be8f844c01dbbd41b9d1202b0493a63470b6e06a,38,941600,3,1,531800,1/3,297000,14/27,7,6900,0,6900,5062700,5305800,345000,0
53,variable_gap,higher_essentials,none,60d4e39a5a4b11edc0927974874ed4c04cc5bee1c17a0a0e0422f128652ff76d,27,616500,5,2,302700,2/5,174300,0,0,130200,0,130200,5880000,5999800,0,0
53,variable_gap,higher_essentials,fixed_10pct,60d4e39a5a4b11edc0927974874ed4c04cc5bee1c17a0a0e0422f128652ff76d,27,576100,5,2,299500,2/5,224200,8/9,0,19800,116700,136500,5880000,5993500,588000,0
53,variable_gap,higher_essentials,ipon,60d4e39a5a4b11edc0927974874ed4c04cc5bee1c17a0a0e0422f128652ff76d,26,590400,5,2,294700,2/5,218900,8/9,0,0,140700,140700,5880000,5989300,570000,0
54,regular,higher_essentials,none,55facf2fbb6a3b5f5eeb8676135962fd16083c3e4c1a036e2cfe8cbc902f0b20,45,883100,5,2,291100,2/5,248000,0,0,44400,0,44400,5400000,5605600,0,0
54,regular,higher_essentials,fixed_10pct,55facf2fbb6a3b5f5eeb8676135962fd16083c3e4c1a036e2cfe8cbc902f0b20,42,828200,5,2,285700,2/5,308300,4/9,0,32400,12000,44400,5400000,5605600,540000,0
54,regular,higher_essentials,ipon,55facf2fbb6a3b5f5eeb8676135962fd16083c3e4c1a036e2cfe8cbc902f0b20,42,850400,5,2,285700,2/5,286100,5/27,0,39400,5000,44400,5400000,5605600,223000,0
55,variable_amount,higher_essentials,none,2919c160051ca433879891125ef0dfdca578d5a90dc8073e2c415dd9aeb07d54,36,778400,1,1,0,1,215100,0,0,85000,0,85000,5296100,5461100,0,0
55,variable_amount,higher_essentials,fixed_10pct,2919c160051ca433879891125ef0dfdca578d5a90dc8073e2c415dd9aeb07d54,34,713670,1,1,0,1,279830,17/27,0,69270,15730,85000,5296100,5461100,529610,0
55,variable_amount,higher_essentials,ipon,2919c160051ca433879891125ef0dfdca578d5a90dc8073e2c415dd9aeb07d54,33,709900,1,1,0,1,283600,553/540,0,61500,23500,85000,5296100,5461100,425000,0
56,variable_gap,higher_essentials,none,8fa4d2b569ca5429fd2e4a3892f9503409e3b541ed069e9ea668e0c374b55d91,32,774800,3,1,333900,1/3,180700,0,0,84100,0,84100,5400000,5565900,0,0
56,variable_gap,higher_essentials,fixed_10pct,8fa4d2b569ca5429fd2e4a3892f9503409e3b541ed069e9ea668e0c374b55d91,31,717500,3,1,333900,1/3,238000,8/9,0,72100,12000,84100,5400000,5565900,540000,0
56,variable_gap,higher_essentials,ipon,8fa4d2b569ca5429fd2e4a3892f9503409e3b541ed069e9ea668e0c374b55d91,30,712900,3,1,333900,1/3,242600,2/3,7,79100,5000,84100,5400000,5565900,416000,0
57,regular,higher_essentials,none,8e9208e4da171a57f62dd8b2bbf6fef25fd3e4cb1492dfcfd9d392fbd03210b2,38,750100,3,1,492500,1/3,218200,0,0,52300,0,52300,5400000,5597700,0,0
57,regular,higher_essentials,fixed_10pct,8e9208e4da171a57f62dd8b2bbf6fef25fd3e4cb1492dfcfd9d392fbd03210b2,34,702300,3,1,492500,1/3,266000,4/9,0,40300,12000,52300,5400000,5597700,540000,0
57,regular,higher_essentials,ipon,8e9208e4da171a57f62dd8b2bbf6fef25fd3e4cb1492dfcfd9d392fbd03210b2,34,707700,3,1,492500,1/3,260600,5/27,0,47300,5000,52300,5400000,5597700,247000,0
58,variable_amount,higher_essentials,none,fd8338e6ab65745830210032eb1e89913249d0fef922c70344e0a3c1abad73b4,33,724200,3,0,497400,0,192500,0,0,47000,0,47000,5404100,5607100,0,0
58,variable_amount,higher_essentials,fixed_10pct,fd8338e6ab65745830210032eb1e89913249d0fef922c70344e0a3c1abad73b4,31,665230,3,1,484500,1/3,264370,857/1350,0,34880,12120,47000,5404100,5607100,540410,0
58,variable_amount,higher_essentials,ipon,fd8338e6ab65745830210032eb1e89913249d0fef922c70344e0a3c1abad73b4,30,668700,3,1,482400,1/3,263800,23/36,0,41500,6300,47800,5404100,5606300,373000,0
59,variable_gap,higher_essentials,none,4739cf60bbfc1858b0de3fb7d67004671fe747d675d4b23909fe40ecbc41e55d,39,974500,2,0,393200,0,199800,0,0,46400,0,46400,5040000,5243600,0,0
59,variable_gap,higher_essentials,fixed_10pct,4739cf60bbfc1858b0de3fb7d67004671fe747d675d4b23909fe40ecbc41e55d,37,925400,2,0,392200,0,249900,8/9,0,10400,36000,46400,5040000,5243600,504000,0
59,variable_gap,higher_essentials,ipon,4739cf60bbfc1858b0de3fb7d67004671fe747d675d4b23909fe40ecbc41e55d,37,935600,2,0,392200,0,239700,5/27,0,31900,14500,46400,5040000,5243600,290000,0
60,regular,higher_essentials,none,08f11028176cdcb15b3e8804ca0d1b0e0d577864de17dbf7c5ed0e2438c3d4dd,32,556900,0,0,0,,172500,0,0,47400,0,47400,5400000,5602600,0,0
60,regular,higher_essentials,fixed_10pct,08f11028176cdcb15b3e8804ca0d1b0e0d577864de17dbf7c5ed0e2438c3d4dd,29,504000,0,0,0,,225400,4/9,0,35400,12000,47400,5400000,5602600,540000,0
60,regular,higher_essentials,ipon,08f11028176cdcb15b3e8804ca0d1b0e0d577864de17dbf7c5ed0e2438c3d4dd,29,505700,0,0,0,,223700,5/27,0,42400,5000,47400,5400000,5602600,249000,0
61,variable_amount,higher_essentials,none,576e257d75683d56a7cda41bbf283b2d61df5d0ff45603cfe3d48a7f9fa11d0f,26,581800,2,1,261600,1/2,158900,0,0,98300,0,98300,5562900,5714600,0,0
61,variable_amount,higher_essentials,fixed_10pct,576e257d75683d56a7cda41bbf283b2d61df5d0ff45603cfe3d48a7f9fa11d0f,25,504100,2,1,261600,1/2,236600,2083/2700,7,81430,16870,98300,5562900,5714600,556290,0
61,variable_amount,higher_essentials,ipon,576e257d75683d56a7cda41bbf283b2d61df5d0ff45603cfe3d48a7f9fa11d0f,23,502700,2,1,261600,1/2,238000,1,7,69300,29000,98300,5562900,5714600,511500,0
62,variable_gap,higher_essentials,none,3bf68596a92c310736eb207f792dfed22156dea4a229d9abafe34d8bb3411ea5,22,498100,1,0,75000,0,136100,0,0,0,0,0,5520000,5770000,0,0
62,variable_gap,higher_essentials,fixed_10pct,3bf68596a92c310736eb207f792dfed22156dea4a229d9abafe34d8bb3411ea5,20,420800,1,0,75000,0,213400,461/270,0,0,0,0,5520000,5770000,552000,0
62,variable_gap,higher_essentials,ipon,3bf68596a92c310736eb207f792dfed22156dea4a229d9abafe34d8bb3411ea5,19,428800,1,0,75000,0,205400,91/54,0,0,0,0,5520000,5770000,419000,0
63,regular,higher_essentials,none,77fa3cef3f37320b36c44cee6e9f8a2b89b27635da0cf417293cf74b770336b5,39,764700,4,0,684700,0,221000,0,0,52800,0,52800,5400000,5597200,0,0
63,regular,higher_essentials,fixed_10pct,77fa3cef3f37320b36c44cee6e9f8a2b89b27635da0cf417293cf74b770336b5,38,757100,4,0,656500,0,256800,4/9,0,40800,12000,52800,5400000,5597200,540000,0
63,regular,higher_essentials,ipon,77fa3cef3f37320b36c44cee6e9f8a2b89b27635da0cf417293cf74b770336b5,38,759400,4,0,645500,0,265500,5/27,0,47800,5000,52800,5400000,5597200,253000,0
64,variable_amount,higher_essentials,none,6ecfbc0be2d6426d4d4925ec425c9bef64e9c6933d697aae0729a22f7b0bce71,33,680000,1,1,0,1,179600,0,0,31800,0,31800,5340700,5558900,0,0
64,variable_amount,higher_essentials,fixed_10pct,6ecfbc0be2d6426d4d4925ec425c9bef64e9c6933d697aae0729a22f7b0bce71,29,628230,1,1,0,1,231370,1087/1800,0,21650,10150,31800,5340700,5558900,534070,0
64,variable_amount,higher_essentials,ipon,6ecfbc0be2d6426d4d4925ec425c9bef64e9c6933d697aae0729a22f7b0bce71,25,632600,1,1,0,1,227000,193/270,0,31800,0,31800,5340700,5558900,380000,0
65,variable_gap,higher_essentials,none,b79b582048e559d85aec971abac374f366c4f0c83401c8c4addcd60e73b5e5a7,30,689100,3,1,161500,1/3,171700,0,0,86600,0,86600,5760000,5923400,0,0
65,variable_gap,higher_essentials,fixed_10pct,b79b582048e559d85aec971abac374f366c4f0c83401c8c4addcd60e73b5e5a7,30,663600,3,1,144700,1/3,214000,5/9,0,74600,12000,86600,5760000,5923400,576000,0
65,variable_gap,higher_essentials,ipon,b79b582048e559d85aec971abac374f366c4f0c83401c8c4addcd60e73b5e5a7,30,643100,3,1,136500,1/3,242700,37/54,0,81600,5000,86600,5760000,5923400,577500,0
66,regular,higher_essentials,none,abe9238ffef31aea9f3553dd604d5cddb2eba45d078935f2523b7e5bfd4cbcc3,43,839800,5,1,924400,1/5,241100,0,0,50400,0,50400,5400000,5599600,0,0
66,regular,higher_essentials,fixed_10pct,abe9238ffef31aea9f3553dd604d5cddb2eba45d078935f2523b7e5bfd4cbcc3,41,789700,5,1,924400,1/5,291200,4/9,0,38400,12000,50400,5400000,5599600,540000,0
66,regular,higher_essentials,ipon,abe9238ffef31aea9f3553dd604d5cddb2eba45d078935f2523b7e5bfd4cbcc3,41,811200,5,1,924400,1/5,269700,5/27,0,45400,5000,50400,5400000,5599600,200000,0
67,variable_amount,higher_essentials,none,8028bec1ee93cf44088c67eb15654eb843a54eb3311a898c8ab55db7e3592964,34,782800,2,1,214500,1/2,184900,0,0,69000,0,69000,5366300,5547300,0,0
67,variable_amount,higher_essentials,fixed_10pct,8028bec1ee93cf44088c67eb15654eb843a54eb3311a898c8ab55db7e3592964,32,697570,2,1,214500,1/2,270130,319/540,0,54970,14030,69000,5366300,5547300,536630,0
67,variable_amount,higher_essentials,ipon,8028bec1ee93cf44088c67eb15654eb843a54eb3311a898c8ab55db7e3592964,30,696500,2,1,214500,1/2,271200,2/3,0,54000,15000,69000,5366300,5547300,387000,0
68,variable_gap,higher_essentials,none,d871fbce515f7c16dddc3877fcc4a8684f00cf971e0b72165868775c37a2455f,29,748900,3,0,439800,0,171000,307/270,0,51800,0,51800,5400000,5598200,0,0
68,variable_gap,higher_essentials,fixed_10pct,d871fbce515f7c16dddc3877fcc4a8684f00cf971e0b72165868775c37a2455f,27,692500,3,0,439800,0,227400,62/27,0,39800,12000,51800,5400000,5598200,540000,0
68,variable_gap,higher_essentials,ipon,d871fbce515f7c16dddc3877fcc4a8684f00cf971e0b72165868775c37a2455f,27,696000,3,0,439800,0,223900,74/27,0,46800,5000,51800,5400000,5598200,393000,0
69,regular,higher_essentials,none,4b3c782ee2db255b1380cb786984298578a18bd941f39515055a1b9eb441bf5d,37,726600,5,1,706300,1/5,209600,0,0,50000,0,50000,5400000,5600000,0,0
69,regular,higher_essentials,fixed_10pct,4b3c782ee2db255b1380cb786984298578a18bd941f39515055a1b9eb441bf5d,36,683500,5,1,696500,1/5,262500,4/9,0,38000,12000,50000,5400000,5600000,540000,0
69,regular,higher_essentials,ipon,4b3c782ee2db255b1380cb786984298578a18bd941f39515055a1b9eb441bf5d,35,691300,5,1,705300,1/5,245900,5/27,0,45000,5000,50000,5400000,5600000,257000,0
70,variable_amount,higher_essentials,none,4a82820651d9f08aa9c07eba3be726544bfb4b6fae30ee985b5f7847d12e334d,45,875900,2,0,186700,0,245500,0,0,27500,0,27500,5074700,5297200,0,0
70,variable_amount,higher_essentials,fixed_10pct,4a82820651d9f08aa9c07eba3be726544bfb4b6fae30ee985b5f7847d12e334d,44,814830,2,0,175300,0,317970,1273/2700,0,18310,9190,27500,5074700,5297200,507470,0
70,variable_amount,higher_essentials,ipon,4a82820651d9f08aa9c07eba3be726544bfb4b6fae30ee985b5f7847d12e334d,43,832500,2,0,179300,0,296300,7/27,0,27500,0,27500,5074700,5297200,307500,0
71,variable_gap,higher_essentials,none,4a79dcaf8a2eea5ac0623f5649df5e460cadaf0856cb6b5cdf118b7953146902,48,1201300,5,2,288300,2/5,280300,0,0,131200,0,131200,5160000,5278800,0,0
71,variable_gap,higher_essentials,fixed_10pct,4a79dcaf8a2eea5ac0623f5649df5e460cadaf0856cb6b5cdf118b7953146902,48,1167400,5,2,275600,2/5,326900,4/9,0,107200,24000,131200,5160000,5278800,516000,0
71,variable_gap,higher_essentials,ipon,4a79dcaf8a2eea5ac0623f5649df5e460cadaf0856cb6b5cdf118b7953146902,48,1187900,5,2,275200,2/5,306800,0,0,116700,14500,131200,5160000,5278800,156000,0
72,regular,higher_essentials,none,8a5370603849e4bcc83301dd2381d98ae2aa2a07393197ca06837cf4150d025a,35,658100,2,1,242200,1/2,178500,0,0,47600,0,47600,5400000,5602400,0,0
72,regular,higher_essentials,fixed_10pct,8a5370603849e4bcc83301dd2381d98ae2aa2a07393197ca06837cf4150d025a,33,624800,2,1,242200,1/2,211800,4/9,0,35600,12000,47600,5400000,5602400,540000,0
72,regular,higher_essentials,ipon,8a5370603849e4bcc83301dd2381d98ae2aa2a07393197ca06837cf4150d025a,33,637200,2,1,242200,1/2,199400,5/27,0,42600,5000,47600,5400000,5602400,253000,0
73,variable_amount,higher_essentials,none,1482dcdb796c133855e9e382e831841497e123ddec25298d2d891b3c98c9af6c,42,969400,3,1,265700,1/3,244300,0,0,68200,0,68200,5452500,5634300,0,0
73,variable_amount,higher_essentials,fixed_10pct,1482dcdb796c133855e9e382e831841497e123ddec25298d2d891b3c98c9af6c,42,912940,3,1,265700,1/3,300760,1397/2700,0,54700,13500,68200,5452500,5634300,545250,0
73,variable_amount,higher_essentials,ipon,1482dcdb796c133855e9e382e831841497e123ddec25298d2d891b3c98c9af6c,40,919200,3,1,265700,1/3,294500,263/540,0,55700,12500,68200,5452500,5634300,403000,0
74,variable_gap,higher_essentials,none,55ce06cff6a14be61c02810c4df094497ca97383e61bf13cc34d44ab0934f487,39,931300,9,1,1189000,1/9,227900,0,0,0,0,0,5400000,5650000,0,0
74,variable_gap,higher_essentials,fixed_10pct,55ce06cff6a14be61c02810c4df094497ca97383e61bf13cc34d44ab0934f487,38,893800,9,1,1189000,1/9,265400,4/9,0,0,0,0,5400000,5650000,540000,0
74,variable_gap,higher_essentials,ipon,55ce06cff6a14be61c02810c4df094497ca97383e61bf13cc34d44ab0934f487,38,901900,9,1,1182200,1/9,264100,5/27,0,0,0,0,5400000,5650000,436000,0
75,regular,higher_essentials,none,0f9d58dc3fd98adbeab7575dfea3dcf8c44c52965d05b4aa21e32240652569c4,47,990800,4,0,698400,0,239600,0,0,52700,0,52700,5400000,5597300,0,0
75,regular,higher_essentials,fixed_10pct,0f9d58dc3fd98adbeab7575dfea3dcf8c44c52965d05b4aa21e32240652569c4,46,952900,4,0,686300,0,289600,4/9,0,40700,12000,52700,5400000,5597300,540000,0
75,regular,higher_essentials,ipon,0f9d58dc3fd98adbeab7575dfea3dcf8c44c52965d05b4aa21e32240652569c4,46,976700,4,0,689400,0,262700,5/27,0,47700,5000,52700,5400000,5597300,223000,0
76,variable_amount,higher_essentials,none,494ece5852a4f2869c7e633543d4261f1f1d7f1511d80b4aec95788bca9fed38,35,870400,3,1,102800,1/3,189800,0,0,0,0,0,5555400,5805400,0,0
76,variable_amount,higher_essentials,fixed_10pct,494ece5852a4f2869c7e633543d4261f1f1d7f1511d80b4aec95788bca9fed38,34,775080,3,1,102800,1/3,285120,59/108,0,0,0,0,5555400,5805400,555540,0
76,variable_amount,higher_essentials,ipon,494ece5852a4f2869c7e633543d4261f1f1d7f1511d80b4aec95788bca9fed38,34,798300,3,1,102800,1/3,261900,2/3,7,0,0,0,5555400,5805400,529500,0
77,variable_gap,higher_essentials,none,0a2dcc8fd54e5ea4ddc66f629c157a0a4e84ba70c0119feed5b50c69c49ef4e7,45,989100,4,2,501100,1/2,253500,0,0,85500,0,85500,5280000,5444500,0,0
77,variable_gap,higher_essentials,fixed_10pct,0a2dcc8fd54e5ea4ddc66f629c157a0a4e84ba70c0119feed5b50c69c49ef4e7,45,952700,4,2,490400,1/2,300600,4/9,0,73500,12000,85500,5280000,5444500,528000,0
77,variable_gap,higher_essentials,ipon,0a2dcc8fd54e5ea4ddc66f629c157a0a4e84ba70c0119feed5b50c69c49ef4e7,44,962200,4,2,491300,1/2,290200,0,0,85500,0,85500,5280000,5444500,231000,0
78,regular,higher_essentials,none,4a5a65011c4d10f88c82b939a6a41bc311d7354280c65ed5dfe7e348b0b2f837,44,914400,6,2,339900,1/3,232100,0,0,50400,0,50400,5400000,5599600,0,0
78,regular,higher_essentials,fixed_10pct,4a5a65011c4d10f88c82b939a6a41bc311d7354280c65ed5dfe7e348b0b2f837,43,872600,6,2,333700,1/3,280100,4/9,0,38400,12000,50400,5400000,5599600,540000,0
78,regular,higher_essentials,ipon,4a5a65011c4d10f88c82b939a6a41bc311d7354280c65ed5dfe7e348b0b2f837,43,896300,6,2,339400,1/3,250700,5/27,0,45400,5000,50400,5400000,5599600,223000,0
79,variable_amount,higher_essentials,none,d4f763ec80cc8d651e1477b180676ff16485d92419903007040e3635eec3af06,27,646400,1,0,150000,0,146100,0,0,58500,0,58500,5308700,5500200,0,0
79,variable_amount,higher_essentials,fixed_10pct,d4f763ec80cc8d651e1477b180676ff16485d92419903007040e3635eec3af06,22,555300,1,0,150000,0,237200,163/135,0,45500,13000,58500,5308700,5500200,530870,0
79,variable_amount,higher_essentials,ipon,d4f763ec80cc8d651e1477b180676ff16485d92419903007040e3635eec3af06,23,588700,1,0,150000,0,203800,281/270,0,48500,10000,58500,5308700,5500200,352500,0
80,variable_gap,higher_essentials,none,523aa808ed5c484142ecd92ecfd4fc06293748371ac6bb2b6b7dcc4882ad84d0,27,722300,4,1,152600,1/4,171500,0,0,85200,0,85200,5400000,5564800,0,0
80,variable_gap,higher_essentials,fixed_10pct,523aa808ed5c484142ecd92ecfd4fc06293748371ac6bb2b6b7dcc4882ad84d0,25,665000,4,1,152600,1/4,228800,8/9,0,73200,12000,85200,5400000,5564800,540000,0
80,variable_gap,higher_essentials,ipon,523aa808ed5c484142ecd92ecfd4fc06293748371ac6bb2b6b7dcc4882ad84d0,26,662100,4,1,152600,1/4,231700,16/27,0,80200,5000,85200,5400000,5564800,380500,0
81,regular,higher_essentials,none,3dfb11d76ece0ab7bb2d98c95cf470911e9971fa1ae2a488aa95dc76fc1f2061,39,749700,5,1,338200,1/5,209600,0,0,50600,0,50600,5400000,5599400,0,0
81,regular,higher_essentials,fixed_10pct,3dfb11d76ece0ab7bb2d98c95cf470911e9971fa1ae2a488aa95dc76fc1f2061,35,703300,5,1,338200,1/5,256000,4/9,0,38600,12000,50600,5400000,5599400,540000,0
81,regular,higher_essentials,ipon,3dfb11d76ece0ab7bb2d98c95cf470911e9971fa1ae2a488aa95dc76fc1f2061,34,707300,5,1,338200,1/5,252000,5/27,0,45600,5000,50600,5400000,5599400,246500,0
82,variable_amount,higher_essentials,none,970e9a226e7341d5293a2010184dbebe8a78802dd000f28557b2b7b2a0153f22,41,853800,4,1,309600,1/4,229400,0,0,0,0,0,5456400,5706400,0,0
82,variable_amount,higher_essentials,fixed_10pct,970e9a226e7341d5293a2010184dbebe8a78802dd000f28557b2b7b2a0153f22,39,787340,4,1,309600,1/4,296660,463/900,0,0,800,800,5456400,5705600,545640,0
82,variable_amount,higher_essentials,ipon,970e9a226e7341d5293a2010184dbebe8a78802dd000f28557b2b7b2a0153f22,39,815000,4,1,309600,1/4,268200,19/54,7,0,0,0,5456400,5706400,428500,0
83,variable_gap,higher_essentials,none,9c5da998c5461416f02528eda2f1f01466c9f5d5fd1443a25684d023438aae38,58,1460200,2,1,197100,1/2,313400,0,0,30800,0,30800,4560000,4779200,0,0
83,variable_gap,higher_essentials,fixed_10pct,9c5da998c5461416f02528eda2f1f01466c9f5d5fd1443a25684d023438aae38,57,1419800,2,1,197100,1/2,353800,4/9,0,6800,24000,30800,4560000,4779200,456000,0
83,variable_gap,higher_essentials,ipon,9c5da998c5461416f02528eda2f1f01466c9f5d5fd1443a25684d023438aae38,58,1441900,2,1,197100,1/2,331700,0,0,30800,0,30800,4560000,4779200,128000,0
84,regular,higher_essentials,none,d839baba82a652823d62a97a12220d2849a75aee5899dcecc89b67ad0bc244e6,36,610800,2,1,136800,1/2,207000,0,0,53700,0,53700,5400000,5596300,0,0
84,regular,higher_essentials,fixed_10pct,d839baba82a652823d62a97a12220d2849a75aee5899dcecc89b67ad0bc244e6,34,598100,2,1,112200,1/2,244300,4/9,0,41700,12000,53700,5400000,5596300,540000,0
84,regular,higher_essentials,ipon,d839baba82a652823d62a97a12220d2849a75aee5899dcecc89b67ad0bc244e6,35,603600,2,1,118100,1/2,232900,5/27,0,48700,5000,53700,5400000,5596300,248500,0
85,variable_amount,higher_essentials,none,b5de6dc152ef1816ef342c4da87562c4288a5a6f2e232bd209947edad7bd6538,32,782000,2,1,261000,1/2,224700,0,0,13700,0,13700,5361400,5597700,0,0
85,variable_amount,higher_essentials,fixed_10pct,b5de6dc152ef1816ef342c4da87562c4288a5a6f2e232bd209947edad7bd6538,31,683100,2,1,261000,1/2,323600,1213/1800,0,5090,8610,13700,5361400,5597700,536140,0
85,variable_amount,higher_essentials,ipon,b5de6dc152ef1816ef342c4da87562c4288a5a6f2e232bd209947edad7bd6538,28,694600,2,1,261000,1/2,312100,493/540,0,13700,0,13700,5361400,5597700,438500,0
86,variable_gap,higher_essentials,none,b058d07c7291212747704e5a8c9839c65d414e01fba1698946e4a7f8d093e183,25,629200,1,0,164700,0,132200,0,0,47700,0,47700,5520000,5722300,0,0
86,variable_gap,higher_essentials,fixed_10pct,b058d07c7291212747704e5a8c9839c65d414e01fba1698946e4a7f8d093e183,25,617100,1,0,115400,0,193600,4/3,0,11700,36000,47700,5520000,5722300,552000,0
86,variable_gap,higher_essentials,ipon,b058d07c7291212747704e5a8c9839c65d414e01fba1698946e4a7f8d093e183,25,617500,1,0,106600,0,202000,73/54,0,11200,36500,47700,5520000,5722300,524000,0
87,regular,higher_essentials,none,6b0a4d28bfe6906489f78b5ee6065ec234daa8fb11405100e3f169accbac6066,33,659800,2,0,303000,0,189400,0,0,50400,0,50400,5400000,5599600,0,0
87,regular,higher_essentials,fixed_10pct,6b0a4d28bfe6906489f78b5ee6065ec234daa8fb11405100e3f169accbac6066,30,604700,2,0,303000,0,244500,4/9,0,38400,12000,50400,5400000,5599600,540000,0
87,regular,higher_essentials,ipon,6b0a4d28bfe6906489f78b5ee6065ec234daa8fb11405100e3f169accbac6066,30,608600,2,0,303000,0,240600,5/27,0,45400,5000,50400,5400000,5599600,252000,0
88,variable_amount,higher_essentials,none,4f27f96f783dafc5ba0f5b541e47f588d7a8ce6c1dcbf464abaa56181ced832e,37,753300,2,0,173500,0,201400,0,0,136500,0,136500,5579800,5693300,0,0
88,variable_amount,higher_essentials,fixed_10pct,4f27f96f783dafc5ba0f5b541e47f588d7a8ce6c1dcbf464abaa56181ced832e,34,671060,2,0,173500,0,285840,1469/2700,0,85770,52930,138700,5579800,5691100,557980,0
88,variable_amount,higher_essentials,ipon,4f27f96f783dafc5ba0f5b541e47f588d7a8ce6c1dcbf464abaa56181ced832e,33,679200,2,0,173500,0,280500,77/135,0,59300,82200,141500,5579800,5688300,450000,0
89,variable_gap,higher_essentials,none,c28b4bc59dddd32203fe3ffd14c833553a3cb8fa57918ca12fac9f359137fb50,52,1292700,0,0,0,,271400,0,0,48600,0,48600,4560000,4761400,0,0
89,variable_gap,higher_essentials,fixed_10pct,c28b4bc59dddd32203fe3ffd14c833553a3cb8fa57918ca12fac9f359137fb50,52,1249800,0,0,0,,314300,4/9,0,36600,12000,48600,4560000,4761400,456000,0
89,variable_gap,higher_essentials,ipon,c28b4bc59dddd32203fe3ffd14c833553a3cb8fa57918ca12fac9f359137fb50,52,1267700,0,0,0,,296400,0,0,48600,0,48600,4560000,4761400,154500,0
0,regular,larger_shocks,none,f90ce42701091ea10a10b16c341765619120e6b905950de28d16f2db6f3d3a48,15,322200,3,0,456800,0,112300,0,0,0,0,0,5400000,5650000,0,0
0,regular,larger_shocks,fixed_10pct,f90ce42701091ea10a10b16c341765619120e6b905950de28d16f2db6f3d3a48,11,204700,3,0,414400,0,272200,443/540,0,0,0,0,5400000,5650000,540000,0
0,regular,larger_shocks,ipon,f90ce42701091ea10a10b16c341765619120e6b905950de28d16f2db6f3d3a48,14,240400,3,0,425300,0,225600,299/540,0,0,0,0,5400000,5650000,240500,0
1,variable_amount,larger_shocks,none,25deae028f3ace7b70dee4b25c35744667eb43a17a449e14f2223cb0f16d2454,31,671600,5,0,1131500,0,173200,0,0,56000,0,56000,4928200,5122200,0,0
1,variable_amount,larger_shocks,fixed_10pct,25deae028f3ace7b70dee4b25c35744667eb43a17a449e14f2223cb0f16d2454,30,618470,5,0,1115390,0,245740,3499/5400,0,22460,36840,59300,4928200,5118900,492820,0
1,variable_amount,larger_shocks,ipon,25deae028f3ace7b70dee4b25c35744667eb43a17a449e14f2223cb0f16d2454,30,637900,5,0,1114300,0,227400,53/54,0,25300,34000,59300,4928200,5118900,304500,0
2,variable_gap,larger_shocks,none,c7c5b2ebfd57446a0d0b37315b514a239bc925168b4c4fad77b23a219f86b876,22,616200,2,0,231500,0,121700,0,0,0,0,0,5160000,5410000,0,0
2,variable_gap,larger_shocks,fixed_10pct,c7c5b2ebfd57446a0d0b37315b514a239bc925168b4c4fad77b23a219f86b876,22,560700,2,0,184900,0,223800,16/9,0,0,0,0,5160000,5410000,516000,0
2,variable_gap,larger_shocks,ipon,c7c5b2ebfd57446a0d0b37315b514a239bc925168b4c4fad77b23a219f86b876,22,598900,2,0,178200,0,192300,1,0,0,0,0,5160000,5410000,451000,0
3,regular,larger_shocks,none,90bc586e8fb96362483dd0ad285f88ea6d79245193a6bd3322c9554fd0877f95,14,275400,1,0,104000,0,100100,0,0,65900,0,65900,5400000,5584100,0,0
3,regular,larger_shocks,fixed_10pct,90bc586e8fb96362483dd0ad285f88ea6d79245193a6bd3322c9554fd0877f95,10,166000,1,0,98400,0,229400,4/5,0,49100,31100,80200,5400000,5569800,540000,0
3,regular,larger_shocks,ipon,90bc586e8fb96362483dd0ad285f88ea6d79245193a6bd3322c9554fd0877f95,12,205600,1,0,92700,0,191400,5/9,0,56100,20000,76100,5400000,5573900,252500,0
4,variable_amount,larger_shocks,none,f6ef20318655670b9cfe57eef90636213dba341cd4c4b01b4aaf3975d0f6c232,22,402200,3,0,1388900,0,131500,0,0,0,0,0,5403200,5653200,0,0
4,variable_amount,larger_shocks,fixed_10pct,f6ef20318655670b9cfe57eef90636213dba341cd4c4b01b4aaf3975d0f6c232,21,381690,3,0,1352600,0,188310,3709/2700,0,0,0,0,5403200,5653200,540320,0
4,variable_amount,larger_shocks,ipon,f6ef20318655670b9cfe57eef90636213dba341cd4c4b01b4aaf3975d0f6c232,21,382200,3,0,1350500,0,189900,337/270,0,0,0,0,5403200,5653200,459000,0
5,variable_gap,larger_shocks,none,50c63c1a6ba38241c8af7ec84cfe46da3427aac2e211ec816d6c5dae0d4f2013,22,645800,6,0,1186100,0,156300,0,0,0,0,0,5640000,5890000,0,0
5,variable_gap,larger_shocks,fixed_10pct,50c63c1a6ba38241c8af7ec84cfe46da3427aac2e211ec816d6c5dae0d4f2013,21,586400,6,0,1162500,0,239300,227/135,0,0,0,0,5640000,5890000,564000,0
5,variable_gap,larger_shocks,ipon,50c63c1a6ba38241c8af7ec84cfe46da3427aac2e211ec816d6c5dae0d4f2013,20,587500,6,0,1152700,0,248000,551/270,0,0,0,0,5640000,5890000,652000,0
6,regular,larger_shocks,none,d14167e11a0ecf096990b695ec77b660ae0565c26f2ae1168d65c16abac3ee12,8,183200,2,0,386500,0,87900,17/270,0,54500,0,54500,5400000,5595500,0,0
6,regular,larger_shocks,fixed_10pct,d14167e11a0ecf096990b695ec77b660ae0565c26f2ae1168d65c16abac3ee12,5,100300,2,0,321800,0,255000,1597/540,0,42500,31500,74000,5400000,5576000,540000,0
6,regular,larger_shocks,ipon,d14167e11a0ecf096990b695ec77b660ae0565c26f2ae1168d65c16abac3ee12,6,117100,2,0,332800,0,218800,383/135,0,49500,16100,65600,5400000,5584400,255500,0
7,variable_amount,larger_shocks,none,0cd7802ec90ab7e56a5dcd08c8f8e0e87795952fc1a2b7321711122b224d4579,36,708100,4,0,1468300,0,210800,0,0,74100,0,74100,5028800,5204700,0,0
7,variable_amount,larger_shocks,fixed_10pct,0cd7802ec90ab7e56a5dcd08c8f8e0e87795952fc1a2b7321711122b224d4579,33,637550,4,0,1468300,0,286650,503/900,0,39190,40210,79400,5028800,5199400,502880,0
7,variable_amount,larger_shocks,ipon,0cd7802ec90ab7e56a5dcd08c8f8e0e87795952fc1a2b7321711122b224d4579,33,650800,4,0,1468300,0,273400,1/2,0,50300,29100,79400,5028800,5199400,328500,0
8,variable_gap,larger_shocks,none,12ff734c175731d50b07de153d18c681c3b132af6ab609eba4666646d41a8e32,32,771100,2,0,938400,0,209900,0,0,0,0,0,4800000,5050000,0,0
8,variable_gap,larger_shocks,fixed_10pct,12ff734c175731d50b07de153d18c681c3b132af6ab609eba4666646d41a8e32,31,708300,2,0,938400,0,286600,4/9,0,0,13900,13900,4800000,5036100,480000,0
8,variable_gap,larger_shocks,ipon,12ff734c175731d50b07de153d18c681c3b132af6ab609eba4666646d41a8e32,31,741700,2,0,938400,0,249700,0,0,0,10400,10400,4800000,5039600,198500,0
9,regular,larger_shocks,none,5108cb0d21a760e635219f91e57818d10d7e74fea1240ded1ea14050c79609bc,9,170900,3,0,1118100,0,70100,3/10,0,61200,0,61200,5400000,5588800,0,0
9,regular,larger_shocks,fixed_10pct,5108cb0d21a760e635219f91e57818d10d7e74fea1240ded1ea14050c79609bc,6,95500,3,0,1039500,0,224100,1523/540,0,49200,12000,61200,5400000,5588800,540000,0
9,regular,larger_shocks,ipon,5108cb0d21a760e635219f91e57818d10d7e74fea1240ded1ea14050c79609bc,6,111900,3,0,1059200,0,188000,74/27,0,56200,5000,61200,5400000,5588800,251500,0
10,variable_amount,larger_shocks,none,3b83f25af4cb49976a037947db0884d3bc66146f2621103edf0247a8ba12fb18,19,329800,6,1,2014500,1/6,132200,0,0,104700,0,104700,5542000,5687300,0,0
10,variable_amount,larger_shocks,fixed_10pct,3b83f25af4cb49976a037947db0884d3bc66146f2621103edf0247a8ba12fb18,13,255910,6,1,2003100,1/6,217490,109/100,0,75660,29040,104700,5542000,5687300,554200,0
10,variable_amount,larger_shocks,ipon,3b83f25af4cb49976a037947db0884d3bc66146f2621103edf0247a8ba12fb18,15,289000,6,1,2010200,1/6,177300,10/9,7,67700,37000,104700,5542000,5687300,422000,0
11,variable_gap,larger_shocks,none,1a518a7d476d8bd539a38ac7d6e645ccee71e520bbade4da812d923976fe8505,2,50000,1,0,523300,0,40800,493/270,0,118500,0,118500,5640000,5771500,0,0
11,variable_gap,larger_shocks,fixed_10pct,1a518a7d476d8bd539a38ac7d6e645ccee71e520bbade4da812d923976fe8505,2,39500,1,0,433500,0,141100,73/18,7,70500,48000,118500,5640000,5771500,564000,0
11,variable_gap,larger_shocks,ipon,1a518a7d476d8bd539a38ac7d6e645ccee71e520bbade4da812d923976fe8505,2,45000,1,0,467100,0,102000,853/270,0,59000,59500,118500,5640000,5771500,351000,0
12,regular,larger_shocks,none,05ac117bae7b5550c5c268ffc7309d3dfc796f054fd4c73b2cb851b16b4b0740,7,118800,0,0,0,,58300,25/27,0,57700,0,57700,5400000,5592300,0,0
12,regular,larger_shocks,fixed_10pct,05ac117bae7b5550c5c268ffc7309d3dfc796f054fd4c73b2cb851b16b4b0740,0,0,0,0,0,,204900,161/45,0,45700,39800,85500,5400000,5564500,540000,0
12,regular,larger_shocks,ipon,05ac117bae7b5550c5c268ffc7309d3dfc796f054fd4c73b2cb851b16b4b0740,1,10200,0,0,0,,180800,841/270,0,52700,18900,71600,5400000,5578400,252500,0
13,variable_amount,larger_shocks,none,d4fe2e636c1c72b22af89998c56c01c4181a97a993a66d8352ac91c89f661599,22,510900,5,0,1139400,0,145200,0,0,41600,0,41600,5395800,5604200,0,0
13,variable_amount,larger_shocks,fixed_10pct,d4fe2e636c1c72b22af89998c56c01c4181a97a993a66d8352ac91c89f661599,21,470560,5,0,1133400,0,191540,379/540,0,31280,10320,41600,5395800,5604200,539580,0
13,variable_amount,larger_shocks,ipon,d4fe2e636c1c72b22af89998c56c01c4181a97a993a66d8352ac91c89f661599,21,477900,5,0,1136900,0,180700,29/54,0,41600,0,41600,5395800,5604200,481000,0
14,variable_gap,larger_shocks,none,3b7031e3cef6f4c5a1197e64eec29771b642640e67bfadb45cd275527e384ae3,13,259800,4,1,618300,1/4,98800,0,0,253900,0,253900,6120000,6116100,0,0
14,variable_gap,larger_shocks,fixed_10pct,3b7031e3cef6f4c5a1197e64eec29771b642640e67bfadb45cd275527e384ae3,11,199000,4,2,589600,1/2,199200,187/135,0,183600,81200,264800,6120000,6105200,612000,0
14,variable_gap,larger_shocks,ipon,3b7031e3cef6f4c5a1197e64eec29771b642640e67bfadb45cd275527e384ae3,11,210200,4,2,583700,1/2,201900,521/270,0,129100,143700,272800,6120000,6097200,741000,0
15,regular,larger_shocks,none,ae8f12bb6ada68132243b3657c002d2d0426a8332137e2ce99b59b1a6e525304,19,505400,6,1,1489700,1/6,152900,0,0,59600,0,59600,5400000,5590400,0,0
15,regular,larger_shocks,fixed_10pct,ae8f12bb6ada68132243b3657c002d2d0426a8332137e2ce99b59b1a6e525304,17,423600,6,1,1442300,1/6,298600,31/45,0,47600,28500,76100,5400000,5573900,540000,0
15,regular,larger_shocks,ipon,ae8f12bb6ada68132243b3657c002d2d0426a8332137e2ce99b59b1a6e525304,18,458600,6,1,1456500,1/6,249400,10/27,0,54600,21500,76100,5400000,5573900,224000,0
16,variable_amount,larger_shocks,none,8ca28f142be3206ad807393e3af5dcc332190193f01dac924e314b65334363a2,18,230600,2,0,583600,0,105700,0,0,95200,0,95200,5589300,5744100,0,0
16,variable_amount,larger_shocks,fixed_10pct,8ca28f142be3206ad807393e3af5dcc332190193f01dac924e314b65334363a2,12,165610,2,0,581520,0,172770,437/450,0,55880,39320,95200,5589300,5744100,558930,0
16,variable_amount,larger_shocks,ipon,8ca28f142be3206ad807393e3af5dcc332190193f01dac924e314b65334363a2,11,166100,2,0,583600,0,170200,59/54,0,49700,45500,95200,5589300,5744100,436500,0
17,variable_gap,larger_shocks,none,8fca3f0c41067d2252e7498e2ccd0d3e51b7ff4d9d758efb5d764f2513f3dbae,15,349600,6,1,1408500,1/6,107100,0,0,150100,0,150100,5760000,5859900,0,0
17,variable_gap,larger_shocks,fixed_10pct,8fca3f0c41067d2252e7498e2ccd0d3e51b7ff4d9d758efb5d764f2513f3dbae,14,323300,6,1,1408500,1/6,152100,1471/540,7,59700,109100,168800,5760000,5841200,576000,0
17,variable_gap,larger_shocks,ipon,8fca3f0c41067d2252e7498e2ccd0d3e51b7ff4d9d758efb5d764f2513f3dbae,14,329400,6,1,1406000,1/6,151500,311/90,0,42700,129100,171800,5760000,5838200,423000,0
18,regular,larger_shocks,none,58d81e4b75a51117fd821f11e946140ce49645572b80987706421cfa883ba324,9,200500,4,0,1194200,0,100000,0,0,0,0,0,5400000,5650000,0,0
18,regular,larger_shocks,fixed_10pct,58d81e4b75a51117fd821f11e946140ce49645572b80987706421cfa883ba324,8,159200,4,0,1088000,0,247500,91/54,0,0,0,0,5400000,5650000,540000,0
18,regular,larger_shocks,ipon,58d81e4b75a51117fd821f11e946140ce49645572b80987706421cfa883ba324,9,176600,4,0,1108000,0,210100,136/135,0,0,0,0,5400000,5650000,251000,0
19,variable_amount,larger_shocks,none,478589656eba331285c7e1bc21ac731d99c1d505ca23a103b10f5893780e5d32,15,336100,5,0,1217200,0,104100,0,0,88000,0,88000,5678300,5840300,0,0
19,variable_amount,larger_shocks,fixed_10pct,478589656eba331285c7e1bc21ac731d99c1d505ca23a103b10f5893780e5d32,14,289410,5,1,1185300,1/5,187290,1273/900,0,53990,38610,92600,5678300,5835700,567830,0
19,variable_amount,larger_shocks,ipon,478589656eba331285c7e1bc21ac731d99c1d505ca23a103b10f5893780e5d32,14,304300,5,1,1183300,1/5,172000,127/90,0,56700,33500,90200,5678300,5838100,505000,0
20,variable_gap,larger_shocks,none,c0c74068649a35ed5d01073ebad92906cb880e8c00f3bb43918be8ccbd38a38c,27,678000,3,0,564100,0,151300,0,0,87300,0,87300,5400000,5562700,0,0
20,variable_gap,larger_shocks,fixed_10pct,c0c74068649a35ed5d01073ebad92906cb880e8c00f3bb43918be8ccbd38a38c,26,619200,3,0,561200,0,213000,8/9,0,27300,60000,87300,5400000,5562700,540000,0
20,variable_gap,larger_shocks,ipon,c0c74068649a35ed5d01073ebad92906cb880e8c00f3bb43918be8ccbd38a38c,26,622200,3,0,561200,0,210000,29/27,0,29300,58000,87300,5400000,5562700,561000,0
21,regular,larger_shocks,none,338646aad2be2c9d38fe17a7cff595e92d9bebf34b69a8ad8a3ec6e590eb4739,10,240100,3,0,1219300,0,77700,0,0,59400,0,59400,5400000,5590600,0,0
21,regular,larger_shocks,fixed_10pct,338646aad2be2c9d38fe17a7cff595e92d9bebf34b69a8ad8a3ec6e590eb4739,6,121400,3,0,1175600,0,240100,19/18,0,47400,12000,59400,5400000,5590600,540000,0
21,regular,larger_shocks,ipon,338646aad2be2c9d38fe17a7cff595e92d9bebf34b69a8ad8a3ec6e590eb4739,9,161600,3,0,1172100,0,203400,187/270,0,54400,5000,59400,5400000,5590600,247500,0
22,variable_amount,larger_shocks,none,b62ad9c9a1f05d0db41897fcfc0debf779204901d4d651890cc5934dc183ba41,23,496800,9,1,2090800,1/9,159900,0,0,117600,0,117600,5578600,5711000,0,0
22,variable_amount,larger_shocks,fixed_10pct,b62ad9c9a1f05d0db41897fcfc0debf779204901d4d651890cc5934dc183ba41,20,456150,9,1,2072270,1/9,222560,81/100,0,92390,28690,121080,5578600,5707520,557860,0
22,variable_amount,larger_shocks,ipon,b62ad9c9a1f05d0db41897fcfc0debf779204901d4d651890cc5934dc183ba41,21,475000,9,1,2066800,1/9,212900,22/27,0,79800,45000,124800,5578600,5703800,450000,0
23,variable_gap,larger_shocks,none,9636199d994fff1a1e69c4e6ee8937e2c4d1d3e9b8d435b538758bb5b84ec429,7,155900,3,1,353500,1/3,56300,0,0,234700,0,234700,6120000,6135300,0,0
23,variable_gap,larger_shocks,fixed_10pct,9636199d994fff1a1e69c4e6ee8937e2c4d1d3e9b8d435b538758bb5b84ec429,5,114900,3,1,327300,1/3,123500,961/270,7,162700,72000,234700,6120000,6135300,612000,0
23,variable_gap,larger_shocks,ipon,9636199d994fff1a1e69c4e6ee8937e2c4d1d3e9b8d435b538758bb5b84ec429,5,104800,3,1,331600,1/3,129300,1127/270,0,109700,125000,234700,6120000,6135300,627500,0
24,regular,larger_shocks,none,dba127368e3db62f886ea515223562bb21bf166faab5733b9e035d83bceb1023,9,219800,2,0,493800,0,84200,0,0,58700,0,58700,5400000,5591300,0,0
24,regular,larger_shocks,fixed_10pct,dba127368e3db62f886ea515223562bb21bf166faab5733b9e035d83bceb1023,6,103700,2,0,472100,0,222000,29/27,0,46700,12000,58700,5400000,5591300,540000,0
24,regular,larger_shocks,ipon,dba127368e3db62f886ea515223562bb21bf166faab5733b9e035d83bceb1023,9,138700,2,0,463400,0,195700,181/270,0,53700,5000,58700,5400000,5591300,251000,0
25,variable_amount,larger_shocks,none,0089a6f509c5ede1cb239293c0b3aa355eca8590791f2dee572221a4397cf87d,27,492900,5,0,923600,0,179500,0,0,81800,0,81800,5516700,5684900,0,0
25,variable_amount,larger_shocks,fixed_10pct,0089a6f509c5ede1cb239293c0b3aa355eca8590791f2dee572221a4397cf87d,23,443630,5,1,911000,1/5,241370,1727/2700,0,55410,26390,81800,5516700,5684900,551670,0
25,variable_amount,larger_shocks,ipon,0089a6f509c5ede1cb239293c0b3aa355eca8590791f2dee572221a4397cf87d,25,455300,5,1,906500,1/5,234200,1,0,48300,33500,81800,5516700,5684900,503000,0
26,variable_gap,larger_shocks,none,aac91c121ad71865b14f7268082238459cfd47b70ffe92b6020296d25150a851,19,442700,4,1,482300,1/4,126200,0,0,0,0,0,5520000,5770000,0,0
26,variable_gap,larger_shocks,fixed_10pct,aac91c121ad71865b14f7268082238459cfd47b70ffe92b6020296d25150a851,19,406300,4,1,472100,1/4,178200,91/60,7,0,5400,5400,5520000,5764600,552000,0
26,variable_gap,larger_shocks,ipon,aac91c121ad71865b14f7268082238459cfd47b70ffe92b6020296d25150a851,19,417200,4,1,469500,1/4,169900,209/135,0,0,5400,5400,5520000,5764600,436500,0
27,regular,larger_shocks,none,c0e1772fa14f3bc8e8b2399f452557a384dc5b5f783338ceba4a219d268fde2b,14,305100,4,0,659300,0,103300,0,0,59500,0,59500,5400000,5590500,0,0
27,regular,larger_shocks,fixed_10pct,c0e1772fa14f3bc8e8b2399f452557a384dc5b5f783338ceba4a219d268fde2b,12,235700,4,1,607900,1/4,238100,451/540,0,44500,29000,73500,5400000,5576500,540000,0
27,regular,larger_shocks,ipon,c0e1772fa14f3bc8e8b2399f452557a384dc5b5f783338ceba4a219d268fde2b,12,254900,4,1,613700,1/4,210400,23/45,0,51500,19300,70800,5400000,5579200,255000,0
28,variable_amount,larger_shocks,none,ec5d5e68ac886bf6d071716202ee4ed1304e0f1bfb6ee092bc753a8e79d8f8f3,20,410600,4,1,1373100,1/4,139900,0,0,171200,0,171200,5411000,5489800,0,0
28,variable_amount,larger_shocks,fixed_10pct,ec5d5e68ac886bf6d071716202ee4ed1304e0f1bfb6ee092bc753a8e79d8f8f3,18,359760,4,1,1358700,1/4,233340,81/50,0,111930,87470,199400,5411000,5461600,541100,0
28,variable_amount,larger_shocks,ipon,ec5d5e68ac886bf6d071716202ee4ed1304e0f1bfb6ee092bc753a8e79d8f8f3,18,367700,4,1,1364300,1/4,223200,397/270,0,82400,120400,202800,5411000,5458200,396500,0
29,variable_gap,larger_shocks,none,6b7943061ebe418c6770f697667a373dc4c3db18e021bc455d5f46e42cda13c9,29,752400,2,0,307400,0,161900,0,0,120800,0,120800,5280000,5409200,0,0
29,variable_gap,larger_shocks,fixed_10pct,6b7943061ebe418c6770f697667a373dc4c3db18e021bc455d5f46e42cda13c9,28,686400,2,0,299000,0,238600,89/135,0,75100,48000,123100,5280000,5406900,528000,0
29,variable_gap,larger_shocks,ipon,6b7943061ebe418c6770f697667a373dc4c3db18e021bc455d5f46e42cda13c9,27,704200,2,0,292700,0,224800,37/54,0,90300,30500,120800,5280000,5409200,574000,0
30,regular,larger_shocks,none,55bfadc599d4f7653ca4cd2e873e644b96a765c24e898ee45d7fa3374d9b225c,7,135700,0,0,0,,56600,0,0,61500,0,61500,5400000,5588500,0,0
30,regular,larger_shocks,fixed_10pct,55bfadc599d4f7653ca4cd2e873e644b96a765c24e898ee45d7fa3374d9b225c,0,0,0,0,0,,234700,1783/540,0,49500,54400,103900,5400000,5546100,540000,0
30,regular,larger_shocks,ipon,55bfadc599d4f7653ca4cd2e873e644b96a765c24e898ee45d7fa3374d9b225c,1,12200,0,0,0,,192700,331/135,0,56500,17600,74100,5400000,5575900,242000,0
31,variable_amount,larger_shocks,none,1fe3a620a4710c1554cbf868eedb1b1fbac11da27e69ff05df64dfaf62760275,17,314100,3,0,798300,0,107100,0,0,34800,0,34800,5427300,5642500,0,0
31,variable_amount,larger_shocks,fixed_10pct,1fe3a620a4710c1554cbf868eedb1b1fbac11da27e69ff05df64dfaf62760275,15,271580,3,0,762420,0,185500,3137/1800,0,25310,9490,34800,5427300,5642500,542730,0
31,variable_amount,larger_shocks,ipon,1fe3a620a4710c1554cbf868eedb1b1fbac11da27e69ff05df64dfaf62760275,14,268500,3,0,759100,0,191900,277/135,0,34800,0,34800,5427300,5642500,432000,0
32,variable_gap,larger_shocks,none,93b95e27b23001b98b13bba94a67089585e871cbb114481487bff3703dedac0f,7,169200,3,1,678200,1/3,71500,244/135,0,58200,0,58200,5640000,5831800,0,0
32,variable_gap,larger_shocks,fixed_10pct,93b95e27b23001b98b13bba94a67089585e871cbb114481487bff3703dedac0f,5,125000,3,1,647700,1/3,146200,2123/540,0,46200,12000,58200,5640000,5831800,564000,0
32,variable_gap,larger_shocks,ipon,93b95e27b23001b98b13bba94a67089585e871cbb114481487bff3703dedac0f,5,125000,3,1,634300,1/3,159600,124/27,7,53200,5000,58200,5640000,5831800,530000,0
33,regular,larger_shocks,none,3515d99c10b9e29498fdf28522e5228e62072218f62ac630eedcc3cf6311dbfb,10,207500,3,0,916100,0,106400,0,0,66400,0,66400,5400000,5583600,0,0
33,regular,larger_shocks,fixed_10pct,3515d99c10b9e29498fdf28522e5228e62072218f62ac630eedcc3cf6311dbfb,8,168100,3,0,845600,0,232200,157/135,0,48800,33500,82300,5400000,5567700,540000,0
33,regular,larger_shocks,ipon,3515d99c10b9e29498fdf28522e5228e62072218f62ac630eedcc3cf6311dbfb,9,186600,3,0,856400,0,196200,11/15,0,55800,19800,75600,5400000,5574400,253000,0
34,variable_amount,larger_shocks,none,f7e89a0314852cdf6b1a3a1312d4c4aba037f9b756bbfd593abbb85a5f9e029f,9,197800,1,0,585500,0,90000,0,0,105700,0,105700,5323900,5468200,0,0
34,variable_amount,larger_shocks,fixed_10pct,f7e89a0314852cdf6b1a3a1312d4c4aba037f9b756bbfd593abbb85a5f9e029f,7,122210,1,0,585500,0,165590,1741/900,0,89280,16420,105700,5323900,5468200,532390,0
34,variable_amount,larger_shocks,ipon,f7e89a0314852cdf6b1a3a1312d4c4aba037f9b756bbfd593abbb85a5f9e029f,8,132800,1,0,585500,0,155000,163/90,0,78700,27000,105700,5323900,5468200,379500,0
35,variable_gap,larger_shocks,none,d4500c23f8b91cd67a938b3fcd4b8b9ceae1e8439ff3c75b1a7ffbbe1ab950db,20,492200,4,1,744900,1/4,169100,0,0,96000,0,96000,5280000,5434000,0,0
35,variable_gap,larger_shocks,fixed_10pct,d4500c23f8b91cd67a938b3fcd4b8b9ceae1e8439ff3c75b1a7ffbbe1ab950db,20,445900,4,1,734500,1/4,267600,4/3,0,64600,73200,137800,5280000,5392200,528000,0
35,variable_gap,larger_shocks,ipon,d4500c23f8b91cd67a938b3fcd4b8b9ceae1e8439ff3c75b1a7ffbbe1ab950db,20,472400,4,1,739600,1/4,242400,107/90,0,64600,79600,144200,5280000,5385800,473000,0
36,regular,larger_shocks,none,bb4f90424ba3d2db75741fd3fba574a4a9bfdc281417caca520b0622c06ac542,10,220500,4,0,1506000,0,72000,0,0,62800,0,62800,5400000,5587200,0,0
36,regular,larger_shocks,fixed_10pct,bb4f90424ba3d2db75741fd3fba574a4a9bfdc281417caca520b0622c06ac542,8,145200,4,0,1462800,0,207200,43/54,0,47800,31700,79500,5400000,5570500,540000,0
36,regular,larger_shocks,ipon,bb4f90424ba3d2db75741fd3fba574a4a9bfdc281417caca520b0622c06ac542,9,175500,4,0,1465100,0,166700,25/54,0,54800,16800,71600,5400000,5578400,259500,0
37,variable_amount,larger_shocks,none,2f43273584fbf0a2bfb3ee9787a9a1ef2a6c2e09f08a5c80bc7e6a59f8204847,13,318600,3,0,1114100,0,88200,0,0,58500,0,58500,5375700,5567200,0,0
37,variable_amount,larger_shocks,fixed_10pct,2f43273584fbf0a2bfb3ee9787a9a1ef2a6c2e09f08a5c80bc7e6a59f8204847,12,291040,3,0,1059600,0,170260,56/25,0,34700,23800,58500,5375700,5567200,537570,0
37,variable_amount,larger_shocks,ipon,2f43273584fbf0a2bfb3ee9787a9a1ef2a6c2e09f08a5c80bc7e6a59f8204847,12,302400,3,0,1055900,0,162600,149/54,0,48500,10000,58500,5375700,5567200,429500,0
38,variable_gap,larger_shocks,none,f8188d05260a461e71ee2e59558f41af271d8cde4238e4831de3ab924513c81a,27,679200,4,0,416700,0,161500,0,0,94400,0,94400,5400000,5555600,0,0
38,variable_gap,larger_shocks,fixed_10pct,f8188d05260a461e71ee2e59558f41af271d8cde4238e4831de3ab924513c81a,26,633700,4,0,405400,0,218300,131/180,0,34400,60000,94400,5400000,5555600,540000,0
38,variable_gap,larger_shocks,ipon,f8188d05260a461e71ee2e59558f41af271d8cde4238e4831de3ab924513c81a,26,638700,4,0,405600,0,219300,31/90,0,23100,77500,100600,5400000,5549400,460500,0
39,regular,larger_shocks,none,152fa5ab10c80c7e396cae8a37ea34f4905a270169fa9dae13fa4822b5fc2b06,19,431700,6,0,1250700,0,156600,0,0,61200,0,61200,5400000,5588800,0,0
39,regular,larger_shocks,fixed_10pct,152fa5ab10c80c7e396cae8a37ea34f4905a270169fa9dae13fa4822b5fc2b06,16,354000,6,0,1184400,0,300600,163/270,0,49200,12000,61200,5400000,5588800,540000,0
39,regular,larger_shocks,ipon,152fa5ab10c80c7e396cae8a37ea34f4905a270169fa9dae13fa4822b5fc2b06,18,404000,6,0,1191100,0,243900,91/270,0,56200,5000,61200,5400000,5588800,180000,0
40,variable_amount,larger_shocks,none,e0efa760c548a85e592da8eb08728bcb85f14ad14e93d8036481fdb91c439c5e,26,411700,2,0,603700,0,141100,0,0,137400,0,137400,5218500,5331100,0,0
40,variable_amount,larger_shocks,fixed_10pct,e0efa760c548a85e592da8eb08728bcb85f14ad14e93d8036481fdb91c439c5e,19,354290,2,0,601800,0,204610,17/15,0,95570,46030,141600,5218500,5326900,521850,0
40,variable_amount,larger_shocks,ipon,e0efa760c548a85e592da8eb08728bcb85f14ad14e93d8036481fdb91c439c5e,22,374600,2,0,603700,0,182400,22/27,7,81000,60600,141600,5218500,5326900,370000,0
41,variable_gap,larger_shocks,none,a5f0b3e727320e5fe5c438a1589b702e8c10894f1daf7c2587c6080ac35d5d82,29,753400,5,0,1748100,0,196800,0,0,0,0,0,5040000,5290000,0,0
41,variable_gap,larger_shocks,fixed_10pct,a5f0b3e727320e5fe5c438a1589b702e8c10894f1daf7c2587c6080ac35d5d82,29,680000,5,0,1733800,0,284500,2/3,0,0,0,0,5040000,5290000,504000,0
41,variable_gap,larger_shocks,ipon,a5f0b3e727320e5fe5c438a1589b702e8c10894f1daf7c2587c6080ac35d5d82,29,719900,5,0,1723700,0,254700,44/135,0,0,0,0,5040000,5290000,382500,0
42,regular,larger_shocks,none,37d8fb8e40c5b1cfe859cb2ed6e38c6d01691e3d77a7a4c9b29b74f96c5334af,11,234300,2,1,121900,1/2,82000,0,0,67200,0,67200,5400000,5582800,0,0
42,regular,larger_shocks,fixed_10pct,37d8fb8e40c5b1cfe859cb2ed6e38c6d01691e3d77a7a4c9b29b74f96c5334af,8,129700,2,1,91200,1/2,234300,139/135,0,49200,35000,84200,5400000,5565800,540000,0
42,regular,larger_shocks,ipon,37d8fb8e40c5b1cfe859cb2ed6e38c6d01691e3d77a7a4c9b29b74f96c5334af,9,173800,2,1,109600,1/2,164300,31/54,0,56200,20500,76700,5400000,5573300,252000,0
43,variable_amount,larger_shocks,none,aec1c8e38f1be78f49ff94677c0a6e601d1eeb766fc7baaf3f539caf4f52402a,14,245400,3,0,297300,0,89400,0,0,50900,0,50900,5510900,5710000,0,0
43,variable_amount,larger_shocks,fixed_10pct,aec1c8e38f1be78f49ff94677c0a6e601d1eeb766fc7baaf3f539caf4f52402a,9,179940,3,0,289440,0,171420,367/225,0,39890,19710,59600,5510900,5701300,551090,0
43,variable_amount,larger_shocks,ipon,aec1c8e38f1be78f49ff94677c0a6e601d1eeb766fc7baaf3f539caf4f52402a,9,184100,3,0,290800,0,178400,32/15,0,50900,21200,72100,5510900,5688800,506000,0
44,variable_gap,larger_shocks,none,1344b7cc073261c7fa1fdc202b0a7098582ef94384e97b50fbe2fe11bfd511ff,10,275400,0,0,0,,51900,0,0,208400,0,208400,5400000,5441600,0,0
44,variable_gap,larger_shocks,fixed_10pct,1344b7cc073261c7fa1fdc202b0a7098582ef94384e97b50fbe2fe11bfd511ff,10,184500,0,0,0,,161000,20/9,0,94200,132400,226600,5400000,5423400,540000,0
44,variable_gap,larger_shocks,ipon,1344b7cc073261c7fa1fdc202b0a7098582ef94384e97b50fbe2fe11bfd511ff,10,222300,0,0,0,,122200,314/135,0,96200,129400,225600,5400000,5424400,437000,0
45,regular,larger_shocks,none,659d4b3a478308145c848f23fc27de04ada5676eb18bb53232edc79fe0cc3755,19,407500,3,0,839300,0,163000,0,0,60300,0,60300,5400000,5589700,0,0
45,regular,larger_shocks,fixed_10pct,659d4b3a478308145c848f23fc27de04ada5676eb18bb53232edc79fe0cc3755,16,293100,3,0,831100,0,302600,181/270,0,48300,29000,77300,5400000,5572700,540000,0
45,regular,larger_shocks,ipon,659d4b3a478308145c848f23fc27de04ada5676eb18bb53232edc79fe0cc3755,18,336200,3,0,833700,0,255900,203/540,0,55300,21000,76300,5400000,5573700,200500,0
46,variable_amount,larger_shocks,none,5f2a9036816190c02f1bcf3e8ae53e38e026eef3031bd37ec01dfe8a2075e68a,19,337700,2,0,202200,0,111500,0,0,154700,0,154700,5463100,5558400,0,0
46,variable_amount,larger_shocks,fixed_10pct,5f2a9036816190c02f1bcf3e8ae53e38e026eef3031bd37ec01dfe8a2075e68a,19,310400,2,0,161870,0,179130,517/450,0,109390,45310,154700,5463100,5558400,546310,0
46,variable_amount,larger_shocks,ipon,5f2a9036816190c02f1bcf3e8ae53e38e026eef3031bd37ec01dfe8a2075e68a,19,309900,2,0,170700,0,170800,95/54,0,78700,76000,154700,5463100,5558400,456000,0
47,variable_gap,larger_shocks,none,4278c199293f66993081c2ca1a7c628ec488adf0953a07e3f4aa60ed1a3bc3cf,7,155700,1,1,0,1,58700,0,0,60900,0,60900,5520000,5709100,0,0
47,variable_gap,larger_shocks,fixed_10pct,4278c199293f66993081c2ca1a7c628ec488adf0953a07e3f4aa60ed1a3bc3cf,3,44000,1,1,0,1,170400,1493/270,7,48900,12000,60900,5520000,5709100,552000,0
47,variable_gap,larger_shocks,ipon,4278c199293f66993081c2ca1a7c628ec488adf0953a07e3f4aa60ed1a3bc3cf,5,84600,1,1,0,1,129800,97/15,7,55900,5000,60900,5520000,5709100,343000,0
48,regular,larger_shocks,none,5c2f23581e81e9477e9750ed896620a0a410c0dc778ee82933e410de711e64aa,11,255300,2,0,282400,0,80000,49/135,0,76900,0,76900,5400000,5573100,0,0
48,regular,larger_shocks,fixed_10pct,5c2f23581e81e9477e9750ed896620a0a410c0dc778ee82933e410de711e64aa,7,172300,2,0,230800,0,235800,85/27,0,51200,46900,98100,5400000,5551900,540000,0
48,regular,larger_shocks,ipon,5c2f23581e81e9477e9750ed896620a0a410c0dc778ee82933e410de711e64aa,7,172300,2,0,253500,0,200900,17/6,0,60200,25700,85900,5400000,5564100,250000,0
49,variable_amount,larger_shocks,none,3893a4693770e12193bd46a65dffbcfea91d11c254aaece8aade6034c16332a5,21,372700,3,1,884800,1/3,128000,0,0,133200,0,133200,5319500,5436300,0,0
49,variable_amount,larger_shocks,fixed_10pct,3893a4693770e12193bd46a65dffbcfea91d11c254aaece8aade6034c16332a5,19,319100,3,1,884800,1/3,226340,205/108,0,59500,118440,177940,5319500,5391560,531950,0
49,variable_amount,larger_shocks,ipon,3893a4693770e12193bd46a65dffbcfea91d11c254aaece8aade6034c16332a5,18,314200,3,1,884800,1/3,227600,27/10,0,57600,116700,174300,5319500,5395200,464000,0
50,variable_gap,larger_shocks,none,adc870a31f9738ed4faeb525f6557fbd95ebc2476ae74d468d7c804f2f6b2077,11,282600,3,1,180000,1/3,62000,50/27,0,33600,0,33600,5760000,5976400,0,0
50,variable_gap,larger_shocks,fixed_10pct,adc870a31f9738ed4faeb525f6557fbd95ebc2476ae74d468d7c804f2f6b2077,11,263000,3,2,150000,2/3,111600,281/36,14,21600,12000,33600,5760000,5976400,576000,0
50,variable_gap,larger_shocks,ipon,adc870a31f9738ed4faeb525f6557fbd95ebc2476ae74d468d7c804f2f6b2077,11,262400,3,2,150000,2/3,112200,271/27,7,28600,5000,33600,5760000,5976400,376000,0
51,regular,larger_shocks,none,1a91247c1b218f998b5fae1205595f5e815b58666ca20d1fc3e424cd1f557add,13,278400,1,0,417200,0,83000,0,0,63800,0,63800,5400000,5586200,0,0
51,regular,larger_shocks,fixed_10pct,1a91247c1b218f998b5fae1205595f5e815b58666ca20d1fc3e424cd1f557add,9,133300,1,0,417200,0,239800,443/540,0,50500,25000,75500,5400000,5574500,540000,0
51,regular,larger_shocks,ipon,1a91247c1b218f998b5fae1205595f5e815b58666ca20d1fc3e424cd1f557add,10,184900,1,0,410200,0,192100,43/90,0,57500,14900,72400,5400000,5577600,238000,0
52,variable_amount,larger_shocks,none,7f7cc6312fec263759bddc2663d25bb7557d181019781cb7ed7676ea9585ac7a,31,584100,3,0,1188500,0,157800,0,0,16900,0,16900,5062700,5295800,0,0
52,variable_amount,larger_shocks,fixed_10pct,7f7cc6312fec263759bddc2663d25bb7557d181019781cb7ed7676ea9585ac7a,30,532130,3,0,1173800,0,224470,89/135,0,9070,7830,16900,5062700,5295800,506270,0
52,variable_amount,larger_shocks,ipon,7f7cc6312fec263759bddc2663d25bb7557d181019781cb7ed7676ea9585ac7a,30,553900,3,0,1166100,0,210400,2/3,7,16900,0,16900,5062700,5295800,365500,0
53,variable_gap,larger_shocks,none,ca399fa325155b2f6c151226c9c1b8cd416033f8c02dd095e7ca3070fb357319,20,436500,5,0,824300,0,127700,0,0,275200,0,275200,5880000,5854800,0,0
53,variable_gap,larger_shocks,fixed_10pct,ca399fa325155b2f6c151226c9c1b8cd416033f8c02dd095e7ca3070fb357319,18,383000,5,0,809700,0,195800,313/270,0,155200,120000,275200,5880000,5854800,588000,0
53,variable_gap,larger_shocks,ipon,ca399fa325155b2f6c151226c9c1b8cd416033f8c02dd095e7ca3070fb357319,19,417700,5,0,806300,0,164500,121/135,0,100200,175000,275200,5880000,5854800,632000,0
54,regular,larger_shocks,none,41d33a89bb7b29eae4746e9ca1a7281f3404a91441987a112a638f81f08f8efe,21,466800,5,0,890500,0,149900,0,0,54400,0,54400,5400000,5595600,0,0
54,regular,larger_shocks,fixed_10pct,41d33a89bb7b29eae4746e9ca1a7281f3404a91441987a112a638f81f08f8efe,16,334900,5,0,864700,0,307600,133/180,0,42400,12000,54400,5400000,5595600,540000,0
54,regular,larger_shocks,ipon,41d33a89bb7b29eae4746e9ca1a7281f3404a91441987a112a638f81f08f8efe,17,390000,5,0,872500,0,244700,10/27,0,49400,5000,54400,5400000,5595600,223500,0
55,variable_amount,larger_shocks,none,89871e56f10995e6767ac884be4d655dd80903d685de9a00f6dc70f7e29aa379,23,375600,1,1,0,1,120500,0,0,112600,0,112600,5296100,5433500,0,0
55,variable_amount,larger_shocks,fixed_10pct,89871e56f10995e6767ac884be4d655dd80903d685de9a00f6dc70f7e29aa379,18,278990,1,1,0,1,222710,2537/2700,0,79270,38930,118200,5296100,5427900,529610,0
55,variable_amount,larger_shocks,ipon,89871e56f10995e6767ac884be4d655dd80903d685de9a00f6dc70f7e29aa379,19,297100,1,1,0,1,200400,29/27,0,71500,42500,114000,5296100,5432100,450500,0
56,variable_gap,larger_shocks,none,e6a0616b38f1bed7f229153c7adf3d52f6308dba666149117caa16a7a75d3163,17,375000,3,0,808900,0,97600,0,0,151200,0,151200,5400000,5498800,0,0
56,variable_gap,larger_shocks,fixed_10pct,e6a0616b38f1bed7f229153c7adf3d52f6308dba666149117caa16a7a75d3163,16,328600,3,0,803600,0,164500,16/9,0,77100,89300,166400,5400000,5483600,540000,0
56,variable_gap,larger_shocks,ipon,e6a0616b38f1bed7f229153c7adf3d52f6308dba666149117caa16a7a75d3163,16,346800,3,0,794900,0,167200,53/27,7,84100,94500,178600,5400000,5471400,507000,0
57,regular,larger_shocks,none,711cec5240a13700ad5c97b4c93774a0ff301e6884269768c7d9a53c655ca208,16,361000,3,1,1066300,1/3,121200,0,0,65000,0,65000,5400000,5585000,0,0
57,regular,larger_shocks,fixed_10pct,711cec5240a13700ad5c97b4c93774a0ff301e6884269768c7d9a53c655ca208,13,243400,3,1,1058700,1/3,261800,457/540,0,50300,30100,80400,5400000,5569600,540000,0
57,regular,larger_shocks,ipon,711cec5240a13700ad5c97b4c93774a0ff301e6884269768c7d9a53c655ca208,14,269300,3,1,1062000,1/3,227400,8/15,0,57300,17900,75200,5400000,5574800,247500,0
58,variable_amount,larger_shocks,none,c6a7150e32781b8a3fa2d5193711018497feda0cbe002b048117a1332a123e2f,16,348400,3,0,1094700,0,109700,0,0,110700,0,110700,5404100,5543400,0,0
58,variable_amount,larger_shocks,fixed_10pct,c6a7150e32781b8a3fa2d5193711018497feda0cbe002b048117a1332a123e2f,13,287930,3,0,1072070,0,193010,317/270,0,44880,66030,110910,5404100,5543190,540410,0
58,variable_amount,larger_shocks,ipon,c6a7150e32781b8a3fa2d5193711018497feda0cbe002b048117a1332a123e2f,14,298700,3,0,1080200,0,178600,643/540,0,51500,63900,115400,5404100,5538700,434500,0
59,variable_gap,larger_shocks,none,8ca805f6f963bdd1a6c75a8e0c86873c82fde19c7b30a45836171174bfaaaede,24,515300,2,0,803100,0,144100,0,0,91400,0,91400,5040000,5198600,0,0
59,variable_gap,larger_shocks,fixed_10pct,8ca805f6f963bdd1a6c75a8e0c86873c82fde19c7b30a45836171174bfaaaede,22,443600,2,0,800800,0,218100,4/3,0,55400,36000,91400,5040000,5198600,504000,0
59,variable_gap,larger_shocks,ipon,8ca805f6f963bdd1a6c75a8e0c86873c82fde19c7b30a45836171174bfaaaede,22,460900,2,0,803100,0,198500,103/90,0,61400,30000,91400,5040000,5198600,328000,0
60,regular,larger_shocks,none,aa26e2530d0ac109e784f650453bb8ec3a4994f700d57439096c57f7789d71fb,5,98400,0,0,0,,50700,13/15,0,67100,0,67100,5400000,5582900,0,0
60,regular,larger_shocks,fixed_10pct,aa26e2530d0ac109e784f650453bb8ec3a4994f700d57439096c57f7789d71fb,0,0,0,0,0,,220500,1081/270,0,45400,93100,138500,5400000,5511500,540000,0
60,regular,larger_shocks,ipon,aa26e2530d0ac109e784f650453bb8ec3a4994f700d57439096c57f7789d71fb,0,0,0,0,0,,166700,841/270,0,53300,31400,84700,5400000,5565300,252500,0
61,variable_amount,larger_shocks,none,d294c3cca2b3f1cdd675d7732bd5a58fb2d015ac48174f486f3c29c589659f17,10,175700,2,1,539800,1/2,71800,0,0,108300,0,108300,5562900,5704600,0,0
61,variable_amount,larger_shocks,fixed_10pct,d294c3cca2b3f1cdd675d7732bd5a58fb2d015ac48174f486f3c29c589659f17,9,101450,2,1,529500,1/2,156350,391/270,7,91430,16870,108300,5562900,5704600,556290,0
61,variable_amount,larger_shocks,ipon,d294c3cca2b3f1cdd675d7732bd5a58fb2d015ac48174f486f3c29c589659f17,8,91500,2,1,525800,1/2,170000,317/180,7,79300,29000,108300,5562900,5704600,540000,0
62,variable_gap,larger_shocks,none,d8fe4ff3d5e2ffd557999a522dc0b2ff084692ff0b8751ab1d7abaeca583e068,9,178200,1,0,80100,0,76500,0,0,150600,0,150600,5520000,5619400,0,0
62,variable_gap,larger_shocks,fixed_10pct,d8fe4ff3d5e2ffd557999a522dc0b2ff084692ff0b8751ab1d7abaeca583e068,6,112700,1,0,75400,0,162100,61/27,7,0,166000,166000,5520000,5604000,552000,0
62,variable_gap,larger_shocks,ipon,d8fe4ff3d5e2ffd557999a522dc0b2ff084692ff0b8751ab1d7abaeca583e068,6,120300,1,0,74700,0,174000,74/27,7,0,184800,184800,5520000,5585200,575500,0
63,regular,larger_shocks,none,1b19905e596b09d08d01b2fa97e6f7bc06e22b91813ebcbb3ab33a1ccb88063e,13,313000,4,0,1565000,0,111200,0,0,71600,0,71600,5400000,5578400,0,0
63,regular,larger_shocks,fixed_10pct,1b19905e596b09d08d01b2fa97e6f7bc06e22b91813ebcbb3ab33a1ccb88063e,10,240800,4,0,1508100,0,254500,47/54,0,50800,35000,85800,5400000,5564200,540000,0
63,regular,larger_shocks,ipon,1b19905e596b09d08d01b2fa97e6f7bc06e22b91813ebcbb3ab33a1ccb88063e,12,278500,4,0,1502300,0,216600,157/270,0,57800,22000,79800,5400000,5570200,253000,0
64,variable_amount,larger_shocks,none,0be807f300fef856c086d9e8d9dedac2999d4d9feb1766440083e0df28a30fe6,13,274100,1,1,0,1,102300,0,0,73600,0,73600,5340700,5517100,0,0
64,variable_amount,larger_shocks,fixed_10pct,0be807f300fef856c086d9e8d9dedac2999d4d9feb1766440083e0df28a30fe6,11,197140,1,1,0,1,185960,3713/2700,0,31650,48650,80300,5340700,5510400,534070,0
64,variable_amount,larger_shocks,ipon,0be807f300fef856c086d9e8d9dedac2999d4d9feb1766440083e0df28a30fe6,12,222600,1,1,0,1,160500,83/54,0,41800,38500,80300,5340700,5510400,409000,0
65,variable_gap,larger_shocks,none,1f2a7f175c2527aa596d8b20f23e24a6b6208d9b69ced171b11346fe9140b1cc,13,246900,3,1,687600,1/3,94500,0,0,93300,0,93300,5760000,5916700,0,0
65,variable_gap,larger_shocks,fixed_10pct,1f2a7f175c2527aa596d8b20f23e24a6b6208d9b69ced171b11346fe9140b1cc,10,165800,3,1,680300,1/3,186600,301/270,0,79600,17400,97000,5760000,5913000,576000,0
65,variable_gap,larger_shocks,ipon,1f2a7f175c2527aa596d8b20f23e24a6b6208d9b69ced171b11346fe9140b1cc,10,183300,3,1,678200,1/3,170800,209/180,0,86600,10000,96600,5760000,5913400,664000,0
66,regular,larger_shocks,none,e3732cbc8d69a7cd9aaf173b8267dc01048613bc4c529850fe3b540b07e89a1b,19,424200,5,0,2143000,0,127700,0,0,65000,0,65000,5400000,5585000,0,0
66,regular,larger_shocks,fixed_10pct,e3732cbc8d69a7cd9aaf173b8267dc01048613bc4c529850fe3b540b07e89a1b,16,354100,5,0,2078300,0,290200,29/45,0,48400,44300,92700,5400000,5557300,540000,0
66,regular,larger_shocks,ipon,e3732cbc8d69a7cd9aaf173b8267dc01048613bc4c529850fe3b540b07e89a1b,17,389100,5,0,2096200,0,225000,10/27,0,55400,25000,80400,5400000,5569600,200000,0
67,variable_amount,larger_shocks,none,d7858c0ffbd42c6a5f026550666edf8aa176827af445b2923a0291be4291d067,16,370700,2,1,514500,1/2,99300,0,0,96300,0,96300,5366300,5520000,0,0
67,variable_amount,larger_shocks,fixed_10pct,d7858c0ffbd42c6a5f026550666edf8aa176827af445b2923a0291be4291d067,13,289770,2,1,514500,1/2,198950,1399/900,0,64970,50050,115020,5366300,5501280,536630,0
67,variable_amount,larger_shocks,ipon,d7858c0ffbd42c6a5f026550666edf8aa176827af445b2923a0291be4291d067,13,294800,2,1,514500,1/2,191800,5/3,0,64000,48900,112900,5366300,5503400,424500,0
68,variable_gap,larger_shocks,none,e896d8b1db5db6ab9aed498844c18c1838d1053b85602a9174c707c2b06a3d50,13,276600,3,0,1007600,0,85500,50/27,0,61800,0,61800,5400000,5588200,0,0
68,variable_gap,larger_shocks,fixed_10pct,e896d8b1db5db6ab9aed498844c18c1838d1053b85602a9174c707c2b06a3d50,12,239700,3,0,946100,0,183900,2039/540,7,49800,12000,61800,5400000,5588200,540000,0
68,variable_gap,larger_shocks,ipon,e896d8b1db5db6ab9aed498844c18c1838d1053b85602a9174c707c2b06a3d50,12,246900,3,0,962000,0,160800,361/90,0,56800,5000,61800,5400000,5588200,415500,0
69,regular,larger_shocks,none,7b74e203c315c742a23ea8d6a3c73d4c0616a5c281fec3f206e3ca94a7a7a496,16,369600,5,0,1467600,0,121800,0,0,66500,0,66500,5400000,5583500,0,0
69,regular,larger_shocks,fixed_10pct,7b74e203c315c742a23ea8d6a3c73d4c0616a5c281fec3f206e3ca94a7a7a496,15,320500,5,0,1401700,0,253400,43/54,0,48000,35100,83100,5400000,5566900,540000,0
69,regular,larger_shocks,ipon,7b74e203c315c742a23ea8d6a3c73d4c0616a5c281fec3f206e3ca94a7a7a496,16,336400,5,0,1418800,0,214700,259/540,0,55000,22400,77400,5400000,5572600,259000,0
70,variable_amount,larger_shocks,none,327833b4accbbcd297bdd24974c3923e12bcac2b8bd3e997387f70aa5e98c9ce,24,404700,2,0,411700,0,145700,0,0,56500,0,56500,5074700,5268200,0,0
70,variable_amount,larger_shocks,fixed_10pct,327833b4accbbcd297bdd24974c3923e12bcac2b8bd3e997387f70aa5e98c9ce,22,352490,2,0,381610,0,240440,2137/2700,0,28310,40630,68940,5074700,5255760,507470,0
70,variable_amount,larger_shocks,ipon,327833b4accbbcd297bdd24974c3923e12bcac2b8bd3e997387f70aa5e98c9ce,19,348400,2,0,389800,0,229100,5/6,0,39200,22500,61700,5074700,5263000,331000,0
71,variable_gap,larger_shocks,none,a9da368384a42bfc1c842aeec156097c63bdfca65644d8f0198fe4237e1bcfd5,33,797800,5,1,833100,1/5,229000,0,0,146200,0,146200,5160000,5263800,0,0
71,variable_gap,larger_shocks,fixed_10pct,a9da368384a42bfc1c842aeec156097c63bdfca65644d8f0198fe4237e1bcfd5,30,745900,5,1,812800,1/5,301200,4/9,0,122200,24000,146200,5160000,5263800,516000,0
71,variable_gap,larger_shocks,ipon,a9da368384a42bfc1c842aeec156097c63bdfca65644d8f0198fe4237e1bcfd5,32,776600,5,1,815400,1/5,267900,7/180,0,126700,19500,146200,5160000,5263800,214500,0
72,regular,larger_shocks,none,72443f2dc85c9c11b72b0c23aa6542af1b7031dc1e83444f5d0b296659f7f80e,12,267500,2,0,537000,0,74400,0,0,72700,0,72700,5400000,5577300,0,0
72,regular,larger_shocks,fixed_10pct,72443f2dc85c9c11b72b0c23aa6542af1b7031dc1e83444f5d0b296659f7f80e,8,152300,2,0,537000,0,206000,55/54,0,45600,43500,89100,5400000,5560900,540000,0
72,regular,larger_shocks,ipon,72443f2dc85c9c11b72b0c23aa6542af1b7031dc1e83444f5d0b296659f7f80e,11,201500,2,0,536000,0,146300,16/27,0,52600,25000,77600,5400000,5572400,253500,0
73,variable_amount,larger_shocks,none,d3535ba63534ea7c0cba40903f952f920a3eb1a7d96d0063c93bc17a7ff797bf,22,518700,3,0,988900,0,131800,0,0,78200,0,78200,5452500,5624300,0,0
73,variable_amount,larger_shocks,fixed_10pct,d3535ba63534ea7c0cba40903f952f920a3eb1a7d96d0063c93bc17a7ff797bf,21,439750,3,0,976510,0,223140,641/675,0,64700,13500,78200,5452500,5624300,545250,0
73,variable_amount,larger_shocks,ipon,d3535ba63534ea7c0cba40903f952f920a3eb1a7d96d0063c93bc17a7ff797bf,21,462700,3,0,979300,0,197400,23/27,0,65700,12500,78200,5452500,5624300,438500,0
74,variable_gap,larger_shocks,none,852126cd3e056dc5adf8d65b99675b716639f94ffb75506385f92ba30c0b5a2a,24,579900,9,1,2650400,1/9,167900,0,0,0,0,0,5400000,5650000,0,0
74,variable_gap,larger_shocks,fixed_10pct,852126cd3e056dc5adf8d65b99675b716639f94ffb75506385f92ba30c0b5a2a,24,518100,9,1,2642800,1/9,237300,4/9,0,0,0,0,5400000,5650000,540000,0
74,variable_gap,larger_shocks,ipon,852126cd3e056dc5adf8d65b99675b716639f94ffb75506385f92ba30c0b5a2a,24,545100,9,1,2640200,1/9,212900,5/27,0,0,0,0,5400000,5650000,501500,0
75,regular,larger_shocks,none,8a891b279accbeb72ded1674302749d990b5fe515e7f615873f8254cdd77740d,23,518700,4,0,1880800,0,140600,0,0,64000,0,64000,5400000,5586000,0,0
75,regular,larger_shocks,fixed_10pct,8a891b279accbeb72ded1674302749d990b5fe515e7f615873f8254cdd77740d,19,410700,4,0,1855100,0,281900,26/45,0,50700,20900,71600,5400000,5578400,540000,0
75,regular,larger_shocks,ipon,8a891b279accbeb72ded1674302749d990b5fe515e7f615873f8254cdd77740d,21,464500,4,0,1861200,0,219600,73/270,0,57700,11500,69200,5400000,5580800,224000,0
76,variable_amount,larger_shocks,none,0900c61c611c3e6fa5c230bcc77a78aecdffa5ae8d3ddcc4cf49771e4cf8a156,21,515300,3,0,527100,0,120600,0,0,0,0,0,5555400,5805400,0,0
76,variable_amount,larger_shocks,fixed_10pct,0900c61c611c3e6fa5c230bcc77a78aecdffa5ae8d3ddcc4cf49771e4cf8a156,19,464080,3,0,509900,0,189020,796/675,0,0,0,0,5555400,5805400,555540,0
76,variable_amount,larger_shocks,ipon,0900c61c611c3e6fa5c230bcc77a78aecdffa5ae8d3ddcc4cf49771e4cf8a156,19,477000,3,0,510200,0,175800,41/27,7,0,0,0,5555400,5805400,540500,0
77,variable_gap,larger_shocks,none,8bf2414775ccff6da59ab3bd71267edfa63c7cf822636e42da9a5a0bdc1af5a1,29,723200,4,1,1161900,1/4,182200,0,0,184100,0,184100,5280000,5345900,0,0
77,variable_gap,larger_shocks,fixed_10pct,8bf2414775ccff6da59ab3bd71267edfa63c7cf822636e42da9a5a0bdc1af5a1,28,646700,4,1,1161900,1/4,268300,4/9,0,78500,115200,193700,5280000,5336300,528000,0
77,variable_gap,larger_shocks,ipon,8bf2414775ccff6da59ab3bd71267edfa63c7cf822636e42da9a5a0bdc1af5a1,28,693800,4,1,1161900,1/4,227900,0,0,91400,109000,200400,5280000,5329600,288500,0
78,regular,larger_shocks,none,b0c207a37f387a848b60fd7953cecbac06d7ca7741716f66e77c59722bf8691c,19,482300,6,0,1026400,0,137700,0,0,60400,0,60400,5400000,5589600,0,0
78,regular,larger_shocks,fixed_10pct,b0c207a37f387a848b60fd7953cecbac06d7ca7741716f66e77c59722bf8691c,16,407600,6,0,981700,0,279800,91/135,0,48400,34700,83100,5400000,5566900,540000,0
78,regular,larger_shocks,ipon,b0c207a37f387a848b60fd7953cecbac06d7ca7741716f66e77c59722bf8691c,17,441900,6,0,994500,0,226700,10/27,0,55400,21700,77100,5400000,5572900,223000,0
79,variable_amount,larger_shocks,none,c57930d31448482a244f0b5665eca7d44161b2f834b702987d427e08af476204,8,175200,1,0,271500,0,55800,107/90,0,68500,0,68500,5308700,5490200,0,0
79,variable_amount,larger_shocks,fixed_10pct,c57930d31448482a244f0b5665eca7d44161b2f834b702987d427e08af476204,4,88710,1,0,271500,0,142290,4981/1800,7,55500,13000,68500,5308700,5490200,530870,0
79,variable_amount,larger_shocks,ipon,c57930d31448482a244f0b5665eca7d44161b2f834b702987d427e08af476204,4,102800,1,0,271500,0,128200,76/27,0,58500,10000,68500,5308700,5490200,378500,0
80,variable_gap,larger_shocks,none,998f7b766ff8efaacf2aa9552b229219a40aa3c3c03bfcd662dccdd2c63164ff,15,376700,4,1,342600,1/4,112200,0,0,170300,0,170300,5400000,5479700,0,0
80,variable_gap,larger_shocks,fixed_10pct,998f7b766ff8efaacf2aa9552b229219a40aa3c3c03bfcd662dccdd2c63164ff,13,325100,4,1,342600,1/4,200000,377/270,0,78200,128300,206500,5400000,5443500,540000,0
80,variable_gap,larger_shocks,ipon,998f7b766ff8efaacf2aa9552b229219a40aa3c3c03bfcd662dccdd2c63164ff,13,333800,4,1,342600,1/4,188600,307/270,0,85200,118600,203800,5400000,5446200,465000,0
81,regular,larger_shocks,none,25708a0bfec72c0d8fb47506a6962ef9affec9fac4003e706c46fef63fd22b4a,15,313500,5,0,815900,0,103100,0,0,60600,0,60600,5400000,5589400,0,0
81,regular,larger_shocks,fixed_10pct,25708a0bfec72c0d8fb47506a6962ef9affec9fac4003e706c46fef63fd22b4a,12,218200,5,0,766200,0,248100,41/45,0,48600,12000,60600,5400000,5589400,540000,0
81,regular,larger_shocks,ipon,25708a0bfec72c0d8fb47506a6962ef9affec9fac4003e706c46fef63fd22b4a,13,255700,5,0,761500,0,215300,139/270,0,55600,5000,60600,5400000,5589400,246500,0
82,variable_amount,larger_shocks,none,b216f1106ca597775356be3c3cf0b9a61ad4e990a97df001b1f27462be6cd44e,24,456500,4,0,949200,0,145200,0,0,8100,0,8100,5456400,5698300,0,0
82,variable_amount,larger_shocks,fixed_10pct,b216f1106ca597775356be3c3cf0b9a61ad4e990a97df001b1f27462be6cd44e,23,404100,4,0,926600,0,220200,2087/2700,0,1600,6500,8100,5456400,5698300,545640,0
82,variable_amount,larger_shocks,ipon,b216f1106ca597775356be3c3cf0b9a61ad4e990a97df001b1f27462be6cd44e,24,430000,4,0,926300,0,194600,173/180,7,8100,0,8100,5456400,5698300,458000,0
83,variable_gap,larger_shocks,none,6c2c7678282f95f63c42b28a20f67bf2a7e141e8794e48f9931bf856e31402ed,42,1075100,2,1,446800,1/2,253800,0,0,60800,0,60800,4560000,4749200,0,0
83,variable_gap,larger_shocks,fixed_10pct,6c2c7678282f95f63c42b28a20f67bf2a7e141e8794e48f9931bf856e31402ed,41,985900,2,1,441100,1/2,348700,4/9,0,36800,24000,60800,4560000,4749200,456000,0
83,variable_gap,larger_shocks,ipon,6c2c7678282f95f63c42b28a20f67bf2a7e141e8794e48f9931bf856e31402ed,42,1056900,2,1,441100,1/2,277700,0,0,53300,7500,60800,4560000,4749200,160000,0
84,regular,larger_shocks,none,5784bf19fda9f4485680ef0477883c946e20d3531fdfe74c87054358bc583adc,12,205800,2,1,299100,1/2,84700,0,0,63700,0,63700,5400000,5586300,0,0
84,regular,larger_shocks,fixed_10pct,5784bf19fda9f4485680ef0477883c946e20d3531fdfe74c87054358bc583adc,7,63600,2,1,299100,1/2,240500,473/540,0,51700,25600,77300,5400000,5572700,540000,0
84,regular,larger_shocks,ipon,5784bf19fda9f4485680ef0477883c946e20d3531fdfe74c87054358bc583adc,8,134500,2,1,299100,1/2,169600,31/54,0,58700,18600,77300,5400000,5572700,251000,0
85,variable_amount,larger_shocks,none,f39a74c433a3a27538521d23254c925650f348ad89fa546e3361ed90f9a19c52,22,402600,2,0,584100,0,141000,0,0,23700,0,23700,5361400,5587700,0,0
85,variable_amount,larger_shocks,fixed_10pct,f39a74c433a3a27538521d23254c925650f348ad89fa546e3361ed90f9a19c52,22,348860,2,0,559100,0,219740,463/450,0,15090,8610,23700,5361400,5587700,536140,0
85,variable_amount,larger_shocks,ipon,f39a74c433a3a27538521d23254c925650f348ad89fa546e3361ed90f9a19c52,22,349400,2,0,553400,0,224900,10/9,0,23700,0,23700,5361400,5587700,462000,0
86,variable_gap,larger_shocks,none,6e5fd8cb25fafe559af72ebdf1e52e1eef1f12593f378ee773bddf3fc2bdc05f,12,267800,1,0,334700,0,68600,0,0,92700,0,92700,5520000,5677300,0,0
86,variable_gap,larger_shocks,fixed_10pct,6e5fd8cb25fafe559af72ebdf1e52e1eef1f12593f378ee773bddf3fc2bdc05f,11,219400,1,0,306400,0,145300,173/90,0,56700,36000,92700,5520000,5677300,552000,0
86,variable_gap,larger_shocks,ipon,6e5fd8cb25fafe559af72ebdf1e52e1eef1f12593f378ee773bddf3fc2bdc05f,10,222500,1,0,292700,0,155900,13/6,7,41200,51500,92700,5520000,5677300,565500,0
87,regular,larger_shocks,none,3da18c4c3fd5b8d6513ae99f303a51ac1256d1232c4b35b6ecdb03839d688160,9,194500,2,0,653000,0,89700,97/270,0,60400,0,60400,5400000,5589600,0,0
87,regular,larger_shocks,fixed_10pct,3da18c4c3fd5b8d6513ae99f303a51ac1256d1232c4b35b6ecdb03839d688160,6,126600,2,0,582100,0,238800,563/180,0,48400,22300,70700,5400000,5579300,540000,0
87,regular,larger_shocks,ipon,3da18c4c3fd5b8d6513ae99f303a51ac1256d1232c4b35b6ecdb03839d688160,6,137000,2,0,599400,0,211100,151/54,0,55400,15300,70700,5400000,5579300,253000,0
88,variable_amount,larger_shocks,none,7a8e42f12a8a04278ceb9d9df4e9d1dbecea4b925d888976a91ac14aaebeffd5,20,379100,2,0,623500,0,105900,0,0,266800,0,266800,5579800,5563000,0,0
88,variable_amount,larger_shocks,fixed_10pct,7a8e42f12a8a04278ceb9d9df4e9d1dbecea4b925d888976a91ac14aaebeffd5,19,352510,2,0,623500,0,197810,769/300,0,143790,188330,332120,5579800,5497680,557980,0
88,variable_amount,larger_shocks,ipon,7a8e42f12a8a04278ceb9d9df4e9d1dbecea4b925d888976a91ac14aaebeffd5,19,367200,2,0,623500,0,176100,80/27,0,150500,174600,325100,5579800,5504700,460500,0
89,variable_gap,larger_shocks,none,813209fa7432695ce594af450d77eb95a2cd1710ddc4614c16bea3d7c88b424a,33,780800,0,0,0,,193300,0,0,58600,0,58600,4560000,4751400,0,0
89,variable_gap,larger_shocks,fixed_10pct,813209fa7432695ce594af450d77eb95a2cd1710ddc4614c16bea3d7c88b424a,33,691800,0,0,0,,291800,4/9,0,46600,21500,68100,4560000,4741900,456000,0
89,variable_gap,larger_shocks,ipon,813209fa7432695ce594af450d77eb95a2cd1710ddc4614c16bea3d7c88b424a,33,750900,0,0,0,,232700,0,0,58600,9500,68100,4560000,4741900,171500,0
